id,block,claim,plan_value,value,unit,date,tag,status,source,source_type,quote,note
00-01,00,"Мощность работающих AI-дата-центров в базе Epoch (93 площадки), мощность объектов на 27.09.2026",17.3,17.3,ГВт,2026-09-27,ОЦЕНКА,проверено,https://epoch.ai/data/ai-data-centers,данные,pushing the real-world footprint of these 93 sites to 17.6 GW of capacity,"Сумма Power (MW) в data_center_timelines.csv (выгрузка 27.09.2026, последняя веха ≤27.09 по каждой площадке) — 17 267 МВт; на странице Epoch 28.09 — 17,6 ГВт. IT-мощность — 13,5 ГВт (мощность объекта = IT × 1,2–1,5). Это только 93 отслеживаемые площадки: Epoch оценивает их охват в 44% мировых AI-мощностей (90% ДИ 23–81%); из 17,3 ГВт на США приходится 15,2. Тег в плане ФАКТ, но у Epoch это оценка по снимкам и документам. Лицензия CC BY."
00-02,00,Мощность тех же площадок по объявленным планам к концу 2028,48,48.4,ГВт,2028-12-31,ПРОГНОЗ,проверено,https://epoch.ai/data/ai-data-centers,данные,"data_center_timelines.csv, столбец Power (MW): сумма последних вех ≤31.12.2028 = 48 376 МВт","IT-мощность к концу 2028 — 37,0 ГВт; к концу 2029 — 48,6 ГВт (объявленные графики почти обрываются на 2028). Только отслеживаемые площадки, не весь мир."
00-03,00,Среднее годовое потребление электроэнергии одним домохозяйством (абонентом) в США,10800,10356,кВт·ч в год,2024-12,ФАКТ,устарело,https://www.eia.gov/electricity/sales_revenue_price/pdf/table_5A.pdf,данные,"U.S. Total 143,144,185 [customers] 863 [average monthly consumption, kWh]",10 791 кВт·ч — данные за 2022 год (FAQ EIA https://www.eia.gov/tools/faqs/faq.php?id=97&t=3 до сих пор приводит их). Свежее — 2024 год: 863 кВт·ч в месяц × 12 = 10 356. Дата — годовые данные за 2024.
00-04,00,17 ГВт ≈ средняя нагрузка стольких американских домохозяйств,14,14.6,млн домохозяйств,2026-09-27,ОЦЕНКА,устарело,https://www.eia.gov/electricity/sales_revenue_price/pdf/table_5A.pdf,данные,"In 2022, the average annual amount of electricity sold to (purchased by) a U.S. residential electric-utility customer was 10,791 kilowatthours (kWh)","Пересчёт: 17,27 ГВт × 8 760 ч = 151 ТВт·ч в год; ÷ 10 356 кВт·ч (EIA, 2024) = 14,6 млн; с 17,6 ГВт со страницы Epoch — 14,9 млн; со старыми 10 791 кВт·ч — 14,0 млн. Писать «около 15 млн» или «примерно каждое десятое из 143 млн домохозяйств США». Сравнение предполагает работу ДЦ на полной мощности круглый год — это верхняя граница."
02-01,02,"Доля HBM во вводе пластин DRAM у трёх крупнейших производителей, конец 2025",18,18,% пластин DRAM,2025-12,ОЦЕНКА,проверено,https://www.trendforce.com/presscenter/news/20260602-13074.html,первоисточник,"HBM wafer input among the top three suppliers will account for approximately 18%, 22%, and 30% of total DRAM wafer input","Релиз TrendForce от 02.06.2026. В плане все три точки помечены ПРОГНОЗ, но конец 2025 уже прошёл — это оценка. Доля по Samsung, SK hynix и Micron, не по всей отрасли."
02-02,02,"Доля HBM во вводе пластин DRAM у трёх крупнейших производителей, конец 2026",22,22,% пластин DRAM,2026-12,ПРОГНОЗ,проверено,https://www.trendforce.com/presscenter/news/20260602-13074.html,первоисточник,"approximately 18%, 22%, and 30% of total DRAM wafer input by the end of 2025, 2026, and 2027",
02-03,02,"Доля HBM во вводе пластин DRAM у трёх крупнейших производителей, конец 2027",30,30,% пластин DRAM,2027-12,ПРОГНОЗ,проверено,https://www.trendforce.com/presscenter/news/20260602-13074.html,первоисточник,"approximately 18%, 22%, and 30% of total DRAM wafer input by the end of 2025, 2026, and 2027",В плане «в 2027» — у TrendForce «к концу 2027». Там же: контрактные цены HBM в 2027 году вырастут «в разы».
02-04,02,Доля HBM в выпуске DRAM в битах (при 18–22% пластин),8-9,8-9,% бит DRAM,2026-06-02,ОЦЕНКА,проверено,https://www.trendforce.com/presscenter/news/20260602-13074.html,первоисточник,"HBM bit supply is expected to represent approximately 8%, 9%, and 13% of total DRAM bit supply during the same period.","8% — 2025, 9% — 2026 (прогноз), 13% — 2027 (прогноз). Дата — публикация релиза."
02-05,02,"Контрактные цены обычной DRAM, 4К25, кв/кв",45-50,45-50,% кв/кв,2025-Q4,ФАКТ,проверено,https://www.trendforce.com/presscenter/news/20260226-12937.html,первоисточник,Conventional DRAM contract prices rose 45–50% QoQ,"Сегмент — обычная DRAM (все применения, без HBM); вместе с HBM +50–55%. Итоговый релиз о выручке за 4К25 от 26.02.2026."
02-06,02,"Контрактные цены обычной DRAM, 1К26, кв/кв",93-98,93-98,% кв/кв,2026-Q1,ФАКТ,проверено,https://www.trendforce.com/presscenter/news/20260601-13070.html,первоисточник,"rapidly rising contract prices for conventional DRAM, which increased by approximately 93% to 98% QoQ","Фактический итог (релиз 01.06.2026). Прогноз от 02.02.2026 был +90–95%, по сегментам: PC DRAM — более чем вдвое (>+100%), серверная ~+90%, LPDDR4X/5X ~+90% (https://www.trendforce.com/presscenter/news/20260202-12911.html). Выручка DRAM в 1К26 +81% кв/кв, до $97 млрд."
02-07,02,"Контрактные цены обычной DRAM, 2К26, кв/кв (прогноз)",,58-63,% кв/кв,2026-Q2,ПРОГНОЗ,проверено,https://www.trendforce.com/presscenter/news/20260331-12995.html,первоисточник,Conventional DRAM contract prices are projected to rise by 58–63% QoQ,"В тексте плана нет, нужно для цепного индекса. Фактический рост цен за 2К26 в открытых релизах TrendForce не назван; выручка DRAM во 2К26 +59,5% кв/кв, до $154,7 млрд (https://www.trendforce.com/presscenter/news/20260907-13219.html)."
02-08,02,"Контрактные цены обычной DRAM, 3К26, кв/кв (прогноз)",,13-18,% кв/кв,2026-Q3,ПРОГНОЗ,проверено,https://www.trendforce.com/presscenter/news/20260703-13134.html,первоисточник,Conventional DRAM contract prices are forecast to rise 13–18% QoQ in 3Q26,"Подтверждено в релизе 07.09.2026. Прогноз на 4К26 (отчёт 24.09.2026) платный: в открытом описании по DRAM процента нет, NAND +15–20%."
02-09,02,Цепной рост контрактных цен DRAM с 3К25 по 3К26,5,5.35,раз к уровню 3К25,2026-Q3,ОЦЕНКА,проверено,https://www.trendforce.com/presscenter/news/20260703-13134.html,первоисточник,"расчёт: 1,475 × 1,955 × 1,605 × 1,155 = 5,35 (середины диапазонов TrendForce)","Диапазон ×5,0–5,7. Только фактические кварталы (4К25, 1К26) — ×2,9 (2,8–3,0); с прогнозом 2К26 — ×4,6; с прогнозом 3К26 — ×5,35. «Примерно ×5» держится на двух прогнозных кварталах — так и подписать. Обычная DRAM, контракт, не розница и не спот."
02-10,02,"Комплект 32 ГБ (2×16) DDR5 в рознице США, октябрь 2025",100-200,100-200,$,2025-10,ФАКТ,проверено,https://www.tomshardware.com/pc-components/ram/ram-price-index-2026-lowest-price-on-ddr5-and-ddr4-memory-of-all-capacities,первоисточник,a conventional 32GB (2x16GB) DDR5 memory kit sold for around $100 to $200 in October 2025,"В плане «осенью 2025» — у источника октябрь 2025, «около», без конкретной модели."
02-11,02,"Комплект 32 ГБ DDR5-6000, минимальная цена в США, сентябрь 2026",409,409,$,2026-09-14,ФАКТ,проверено,https://www.tomshardware.com/pc-components/ram/ram-price-index-2026-lowest-price-on-ddr5-and-ddr4-memory-of-all-capacities,первоисточник,DDR5-6000 32GB $409,"Минимальная найденная цена (не медиана) в трекере Tom’s Hardware, обновление 14.09.2026. В тексте той же статьи остался абзац «now starts at $350» — устаревший. Перед публикацией обновить."
02-12,02,SSD Samsung 990 Evo Plus 2 ТБ — цена год назад,113,113,$,2025-07,ФАКТ,проверено,https://www.tomshardware.com/pc-components/ssds/state-of-play-ssd-pricing-one-year-into-the-ai-component-crisis-220-percent-price-increases-are-crippling-the-diy-market,первоисточник,"The deal at the time was a hefty discount, bringing the price to $113, down from $176.","Внимание: $113 — акционная цена Prime Day (июль 2025) при обычной $176. От $176 рост ~×2,1, а не ×3,2. В «корзине» пометить акцию или брать обычную цену."
02-13,02,SSD Samsung 990 Evo Plus 2 ТБ — цена в июле 2026,363,363,$,2026-07-29,ФАКТ,проверено,https://www.tomshardware.com/pc-components/ssds/state-of-play-ssd-pricing-one-year-into-the-ai-component-crisis-220-percent-price-increases-are-crippling-the-diy-market,первоисточник,"That same drive is on sale right now, discounted by 36%, to an eye-watering $363, triple the price.",Тоже цена со скидкой; +221% к $113. Статья от 29.07.2026 — перед публикацией обновить.
02-14,02,PS5: повышение цены с 02.04.2026,100,100,$,2026-04-02,ФАКТ,проверено,https://blog.playstation.com/2026/03/27/new-price-changes-for-ps5-ps5-pro-and-playstation-portal-remote-player/,первоисточник,"we've made the decision to increase the prices of PS5, PS5 Pro, and PlayStation Portal remote player globally","США: PS5 $549,99 → $649,99, Digital $499,99 → $599,99, Pro $749,99 → $899,99 (+$150); Европа PS5 €649,99. Второе повышение за 7 месяцев (август 2025, +$50). Sony называет «pressures in the global economic landscape», память прямо не упоминает — связь с DRAM дают аналитики."
02-15,02,"Xbox Series X 1 ТБ: цена в США после повышения 01.08.2026 (было $649,99)",800,799.99,$,2026-08-01,ФАКТ,вторичный,https://gameinformer.com/2026/06/25/xbox-consoles-are-getting-another-price-increase-in-august,вторичный,Console storage and memory prices have increased by more than 2.5x and we expect another doubling by the fall of 2027.,"+$150. Series S 512 ГБ $399,99 → $499,99, Series X Digital $599,99 → $749,99; модель на 2 ТБ снята. Первоисточник — Xbox Wire 25.06.2026 (news.xbox.com/en-us/2026/06/25/xbox-console-price-update/) не открылся (ошибка переадресации); цифры и цитата совпадают в Game Informer, Variety, Windows Central."
02-16,02,iPhone 17: повышение цены в США с 09.09.2026,100,100,$,2026-09-09,ФАКТ,проверено,https://www.apple.com/shop/buy-iphone/iphone-17,первоисточник,From $899,"$799 → $899 (256 ГБ, запуск — сентябрь 2025). По MacRumors (https://www.macrumors.com/2026/09/09/apple-raises-iphone-17-prices/) +$100 также iPhone 16, 17e и Air, одновременно с выходом iPhone 18 Pro. В июне 2026 Тим Кук: Apple «no longer able to absorb the increased cost of memory and storage chips». Цены вне США не проверены."
02-17,02,IDC: мировые поставки смартфонов в 2026,-16.7,-16.7,% г/г,2026-08-26,ПРОГНОЗ,проверено,https://www.idc.com/resource-center/blog/smartphone-shipments-set-for-record-16-7-drop-in-2026-as-the-memory-crisis-hits-full-force/,первоисточник,worldwide smartphone shipments will fall 16.7% in 2026 to just over 1 billion units,"Прогноз от 26.08.2026; кварталом раньше IDC ждал −13,9%. Самое глубокое падение за историю рынка."
02-18,02,IDC: средняя цена смартфона в 2026,27.6,27.6,% г/г,2026-08-26,ПРОГНОЗ,проверено,https://www.idc.com/resource-center/blog/smartphone-shipments-set-for-record-16-7-drop-in-2026-as-the-memory-crisis-hits-full-force/,первоисточник,"The average selling price of a smartphone will reach $581 in 2026, up 27.6% in a single year",До $581.
02-19,02,Поставки самых дешёвых смартфонов (до $100) во 2К26,-60,-60,% г/г,2026-Q2,ФАКТ,проверено,https://www.idc.com/resource-center/blog/smartphone-shipments-set-for-record-16-7-drop-in-2026-as-the-memory-crisis-hits-full-force/,первоисточник,"In Q2 2026, this segment saw an almost 60% YoY drop and is expected to fall faster in the second half.","«This segment» — смартфоны дешевле $100 (173 млн штук в 2025 году), почти все на Android. Точнее писать «смартфоны дешевле $100», а не «дешёвые Android»."
02-20,02,"Индекс потребительских цен США «компьютеры, периферия и умные колонки» (FRED CUSR0000SEEE01)",8.4,8.4,% г/г,2026-08,ФАКТ,проверено,https://fred.stlouisfed.org/series/CUSR0000SEEE01,данные,CUSR0000SEEE01: 2025-08-01 35.064; 2026-08-01 38.020,"Пересчёт по fredgraph.csv: 38,020 / 35,064 − 1 = +8,43% (август 2026, с сезонной поправкой, обновлено 11.09.2026). С декабря 2025 +12,7%; за один август +3,8% м/м. «Обычно дешевеют» — верно: с 2005 года рост г/г был лишь в 23 из 247 месяцев. Но это не рекорд: в сентябре 2021 (дефицит чипов) +8,5%. Октябрь 2025 в ряду пропущен."
02-21,02,"Hetzner: рост цен облачных серверов с 01.04.2026 (Германия, Финляндия)",30-37,30-37,% к месячной цене,2026-04-01,ФАКТ,вторичный,https://webhosting.today/2026/05/29/hetzner-has-now-raised-prices-three-times-in-2026-this-one-is-different/,вторичный,Cloud server prices in Germany and Finland up 30% to 37% per tier.,"Hetzner (заявление 23.02.2026, https://www.hetzner.com/pressroom/statement-price-adjustment/) подтверждает дату и охват — все продукты, новые и действующие клиенты, — но процентов не даёт, прежний прайс снят. Проценты — пересчёт webhosting.today и CloudTally (совпадают: CX23 €2,99 → €3,99, CCX13 €11,99 → €15,99); новые цены сходятся со столбцом «old» официальной таблицы от 15.06. Выделенные серверы +3–21%, облако в США и Сингапуре до +38%; DCD пишет «30–50%»."
02-22,02,Hetzner: ещё два повышения после 01.04.2026,2,2,повышения,2026-06-15,ФАКТ,проверено,https://www.hetzner.com/pressroom/standardization-and-price-adjustment-of-our-server-products/,первоисточник,The changes apply exclusively to new orders and rescales of existing servers.,"29.04.2026 — плата за установку выделенных серверов (https://www.hetzner.com/pressroom/statement-on%20the-latest-adjustment-to%20setup-fees/); 15.06.2026 — месячные цены всех серверов для новых заказов и смены тарифа. А ещё раньше, 02.02.2026, — первое повышение платы за установку: всего четыре шага за 2026 год."
02-23,02,"Hetzner: рост цен CPX/CCX для новых заказов с 15.06.2026 «до +176%, один источник»",176,175.4,% к месячной цене,2026-06-15,ФАКТ,исправлено,https://docs.hetzner.com/general/infrastructure-and-availability/price-adjustment/,первоисточник,The price adjustment took effect for new orders and cloud instance rescales starting on the 15 June 2026; CPX52 36.49 → 100.49,"Не один источник — официальная таблица Hetzner. Германия и Финляндия: CPX +144–175%, CCX +113–173% (максимум CPX52 €36,49 → €100,49 = +175,4%); CX и CAX +30–38%. США: CPX до +209% (CPX41 €38,99 → €120,49), CCX +107–157%; Сингапур — до +111%. Действующие серверы не затронуты. С учётом апреля CCX13 для нового клиента: €11,99 → €42,99 (×3,6). Пометку «из одного источника» в «Спорном» снять."
02-24,02,"OVHcloud: повышение цен с сентября 2026, максимум",87,87,%,2026-09,ФАКТ,вторичный,https://www.datacenterdynamics.com/en/news/ovhcloud-to-raise-dedicated-server-prices-by-up-to-87-percent-from-september/,вторичный,"The biggest rise will come to those who rent 2026-edition gaming servers, whose bills will jump by 87 percent.","Цитата — The Register 11.08.2026 (https://www.theregister.com/off-prem/2026/08/11/ovh-cloud-warns-of-87-price-hikes-to-help-it-cover-rampocalypse-costs/5285867). +87% — только игровые выделенные серверы поколения 2026; в среднем +51% (поколение 2026) и +28% (2024), прочие новые +40–59%. Это аренда выделенных серверов (и часть Public Cloud по DCD), а не VPS — в плане стоит под «VPS и облака». Первоисточник — посты Октава Клабы в X, закрыты для чтения."
02-25,02,OVHcloud: во сколько раз выросла стоимость DRAM для компании (слова CEO),6,9,раз к цене годом ранее,2026-09,ОЦЕНКА,устарело,https://www.datacenterdynamics.com/en/news/ovhcloud-to-raise-dedicated-server-prices-by-up-to-87-percent-from-september/,вторичный,"it was paying six times that of the year prior on RAM, and expected it to be nine times by September 2026","×6 — за год к июню 2026; ×9 — ожидание к сентябрю 2026; ×12 — к началу 2027. Октав Клаба, CEO OVHcloud, пост в X (пересказ DCD 20.08.2026 и The Register 11.08.2026). Заявление компании о своих закупках, а не рыночный индекс — тег ОЦЕНКА, не ФАКТ."
02-26,02,"Аренда H100 по годовым контрактам, октябрь 2025 (минимум)",1.70,1.70,$ за GPU-час,2025-10,ФАКТ,проверено,https://newsletter.semianalysis.com/p/the-great-gpu-shortage-rental-capacity,первоисточник,H100 1-year GPU rental contract pricing has shot up almost 40% from a low of $1.70/hr/GPU in October 2025,"Индекс SemiAnalysis H100 1 Year Rental Price Index, запущен 02.04.2026, помесячный. На странице индекса (https://gpu-index.semianalysis.com/) — 25–75 перцентили: октябрь 2025 $1,45–1,95, апрель 2026 $2,10–2,70; более свежие точки публично не видны."
02-27,02,"Аренда H100 по годовым контрактам, март 2026",2.35,2.35,$ за GPU-час,2026-03,ФАКТ,проверено,https://newsletter.semianalysis.com/p/the-great-gpu-shortage-rental-capacity,первоисточник,from a low of $1.70/hr/GPU in October 2025 to $2.35/hr/GPU by March 2026,"+38%. Для «корзины» есть более свежая точка: апрель 2026 — $2,10–2,70."
02-28,02,"Индекс Ornn (OCPI) для H100 SXM, сентябрь 2026",3.17,2.49,$ за GPU-час,2026-09-27,ФАКТ,устарело,https://data.ornn.com/markets/h100-sxm,данные,The three-month public window spans $2.45 (low) to $3.17 (high).,"$3,17 — значение 07.09.2026 (https://www.tradingkey.com/analysis/stocks/us-stocks/262155850-nvidia-h100-ornn-rental-surge-22-percent-jensen-huang-gpu-asset-tradingkey) и максимум за 3 месяца. 27.09 — $2,49 (−15% за 30 дней), за неделю колебания $2,5–3,05. OCPI — средневзвешенная цена сделок аренды на площадке Ornn за торговый день (ближе к споту); с годовыми контрактами SemiAnalysis напрямую не сравнима — в одном графике не смешивать."
02-29,02,"AWS: повышение цен EC2 Capacity Blocks for ML (резерв GPU), январь 2026",15,15,% к часовой цене,2026-01,ФАКТ,вторичный,https://www.theregister.com/2026/01/05/aws_price_increase/,вторичный,AWS has quietly raised prices on its EC2 Capacity Blocks for ML by approximately 15 percent.,"p5e.48xlarge (8 × H200) $34,61 → $39,80 в час, p5en $36,18 → $41,61. Прайс AWS на тот момент уже заменён новым. AWS: цены отражают «supply/demand patterns we expect this quarter»."
02-30,02,"AWS: повышение цен EC2 Capacity Blocks for ML, июль 2026",20,20,% к часовой цене,2026-07,ФАКТ,проверено,https://aws.amazon.com/ec2/capacityblocks/pricing/,данные,P5e.48xlarge: $47.76 USD ($5.97 USD per accelerator),"Сверка: p5e $39,80 (январь) → $47,76 (текущий прайс AWS, Огайо) = +20,0%; Computing 30.06.2026: «around 20% from July». За 2026 год p5e ×1,38. p5 (8 × H100) сейчас $41,53 в час ($5,19 за GPU-час). Следующий пересмотр цен AWS назначила на октябрь 2026."
02-31,02,Microsoft 365 для бизнеса: рост цен с 01.07.2026,5-43,12-23,% к цене за пользователя в месяц,2026-07-01,ФАКТ,исправлено,https://www.microsoft.com/en-us/licensing/news/2026-m365-packaging-pricing-updates,первоисточник,Microsoft 365 Business Basic 16% $6.00 $7.00; Microsoft 365 Business Standard 12% $12.50 $14.00,"Для малого бизнеса: Business Basic и Standard +12–16% с Teams ($6 → $7, $12,50 → $14), +16–23% без Teams; Business Premium без изменений. «5–43%» — разброс по всем корпоративным пакетам: от +5% (M365 E5) до +43% (F1 без Teams, для линейного персонала). Объявлено 16.02.2026; действующие клиенты — с продления. Причина по Microsoft — новые функции Copilot Chat и защиты."
02-32,02,Инфляция SaaS (индекс Vertice),13.2,16.4,% г/г,2026-06,ОЦЕНКА,устарело,https://www.vertice.one/insights/saas-inflation-rate,первоисточник,"After dipping to 12.1% in April 2026, SaaS inflation has climbed steadily through the quarter, reaching 14.2% in May and 16.4% in June.","13,2% — цифра отчёта Vertice «SaaS Inflation Index 2026» (начало года, ~1К26, https://www.vertice.one/l/saas-inflation-index-report). Индекс построен на $75 млрд расходов клиентов Vertice — выборка корпоративных контрактов, а не официальная статистика."
02-33,02,Инфляция SaaS выше индекса потребительских цен примерно в N раз,5,4-5,раз,2026-06,ОЦЕНКА,спорно,https://www.vertice.one/insights/saas-inflation-rate,первоисточник,This is almost 4x the US CPI of 4.2%.,"Отчёт Vertice (начало 2026): «nearly 5x higher than the standard market inflation rate of G7 countries» — сравнение с G7, не с США. Страница индекса (июнь): ~4× к CPI США 4,2%. По FRED CPI США (без сезонной поправки) май 2026 — 4,25%, июнь — 3,5%: 16,4 / 3,5 ≈ 4,7×. Писать «в 4–5 раз»."
02-34,02,"Доля CPU+DRAM+SSD в себестоимости ноутбука, 1К25",45,45,% себестоимости (BOM),2025-Q1,ОЦЕНКА,проверено,https://www.trendforce.com/presscenter/news/20260904-13217.html,первоисточник,"core components including the CPU, DRAM, and SSD accounted for approximately 45% of the system's total BOM cost.","Оценка TrendForce (релиз 04.09.2026), в плане ФАКТ / ОЦЕНКА — это оценка. В плане «~45% (начало 2025)» — у источника 1К25."
02-35,02,"Доля CPU+DRAM+SSD в себестоимости ноутбука, 3К26",68,68,% себестоимости (BOM),2026-Q3,ОЦЕНКА,проверено,https://www.trendforce.com/presscenter/news/20260904-13217.html,первоисточник,"Following more than a year of price increases, this share had risen to 68% by 3Q26","Там же: чтобы сохранить маржу уровня 1К25, брендам пришлось бы поднять цены примерно на 80%. Поставки ноутбуков в 2026 — −9,4% (прогноз)."
02-36,02,"Операционная маржа SK hynix, 2К26",76,76,% выручки,2026-Q2,ФАКТ,проверено,https://www.prnewswire.com/news-releases/sk-hynix-announces-2q26-financial-results-302837085.html,первоисточник,"Operating Margin 76 % 72 % 4%P [таблица: 2К26, 1К26, изменение]","Выручка 79,3 трлн вон, операционная прибыль 60,5 трлн. Календарный 2К26 (апрель–июнь), отчёт 28.07.2026; в 1К26 было 72%. Операционная, не валовая. Отчёт за 3К26 — в конце октября."
02-37,02,Валовая маржа Micron,85,84.6,% выручки,2026-05-28,ФАКТ,проверено,https://investors.micron.com/news/press-release/2026/Micron-Technology-Inc--Reports-Record-Results-for-the-Third-Quarter-of-Fiscal-2026/default.aspx,первоисточник,"Gross margin — Percent of revenue: 84.6% [таблица GAAP, квартал до 28.05.2026]","Фискальный 3К26 (квартал до 28.05.2026), отчёт 24.06.2026. Валовая GAAP; без GAAP-поправок 84,9%; операционная GAAP 80,4%. Прогноз на фискальный 4К26 — около 86%; отчёт выйдет 30.09.2026 — перепроверить."
02-38,02,IDC: сколько продлится дефицит памяти,2027,2028,год (не раньше),2026-08-26,ПРОГНОЗ,устарело,https://www.idc.com/resource-center/blog/smartphone-shipments-set-for-record-16-7-drop-in-2026-as-the-memory-crisis-hits-full-force/,первоисточник,As memory prices are expected to continue increasing until at least 2028,"«До конца 2027» — формулировка IDC от 02.06.2026 о ПК: «not seeing any relief... before the end of 2027» (https://www.idc.com/resource-center/blog/pc-market-enters-volatile-territory-as-memory-shortage-persists-through-2027/). В августе IDC сдвинула горизонт: цены растут «как минимум до 2028». OVHcloud: до 2028, норма в 2029."
02-39,02,SK hynix: спрос на память превысит предложение и после 2030,2030,2030,год,2026-07-10,ПРОГНОЗ,проверено,https://www.investing.com/news/stock-market-news/sk-hynix-ceo-sees-worstever-memory-supply-shortage-in-2027-says-demand-to-outstrip-supply-beyond-2030-4786660,первоисточник,We still forecast that customer demand will remain higher than our supply capacity even beyond 2030.,"Гендиректор SK hynix Квак Но Чжон, интервью Reuters 10.07.2026 (копия Reuters на Investing.com), в день размещения на Nasdaq. Прогноз производителя, которому дефицит выгоден. Там же: 2027 — «the worst year in the industry's history from the supply perspective»."
03-01,03,PJM — крупнейший системный оператор США: 13 штатов и округ Колумбия,13,13,штатов + DC,2025-12-18,ФАКТ,проверено,https://www.ferc.gov/news-events/news/fact-sheet-ferc-directs-nations-largest-grid-operator-create-new-rules-embrace,первоисточник,FERC Directs Nation's Largest Grid Operator … serving over 67 million Americans in 13 states and D.C.,"«Крупнейший» — формулировка FERC (заголовок). PJM в пресс-релизах пишет «67 million people» в 13 штатах и DC, слово largest не использует. Точнее «системный оператор», а не «энергосистема»."
03-02,03,"Цена мощности PJM, поставочный год 2024/25, зона RTO",28.92,28.92,$ за МВт-день,2023-02-27,ФАКТ,проверено,https://www.pjm.com/-/media/DotCom/markets-ops/rpm/rpm-auction-info/2024-2025/2024-2025-base-residual-auction-report.ashx,первоисточник,clearing price for Capacity Performance Resources of $28.92 per MW-day for the rest of RTO,"Аукцион BRA 2024/25 прошёл 7–13.12.2022, результаты опубликованы 27.02.2023 (перезапуск по приказу FERC в мае 2024 цену RTO не изменил). Коллара не было. Цитата — из анализа IMM (monitoringanalytics.com, 30.10.2023); у PJM та же цифра."
03-03,03,"Цена мощности PJM, поставочный год 2025/26, зона RTO",269.92,269.92,$ за МВт-день,2024-07-30,ФАКТ,проверено,https://www.pjm.com/-/media/DotCom/markets-ops/rpm/rpm-auction-info/2025-2026/2025-2026-base-residual-auction-report.pdf,первоисточник,the 2025/2026 RTO clearing price was $269.92 … the total cost to load for the 2025/2026 BRA was $14.7 billion,"Коллара ещё не было. Рост к 2024/25 — ×9,3. Зоны дороже RTO: BGE $466,35, Dominion $444,26 за МВт-день; для калькулятора важно, что Мэриленд и Вирджиния в тот год платили больше средней цены RTO."
03-04,03,"Цена мощности PJM, поставочный год 2026/27, зона RTO",329.17,329.17,$ за МВт-день (UCAP),2025-07-22,ФАКТ,проверено,https://www.pjm.com/-/media/DotCom/markets-ops/rpm/rpm-auction-info/2026-2027/2026-2027-bra-report.pdf,первоисточник,all prices cleared at the cap ($329.17),"Цена упёрлась в потолок временного коллара (соглашение с губернатором Пенсильвании Шапиро): потолок $256,75/МВт-день ICAP = $329,17 UCAP, пол $138,25 ICAP = $177,24 UCAP. Стоимость аукциона $16,1 млрд."
03-05,03,"Цена мощности PJM, поставочный год 2027/28, зона RTO",333.44,333.44,$ за МВт-день (UCAP),2025-12-17,ФАКТ,проверено,https://www.pjm.com/-/media/DotCom/markets-ops/rpm/rpm-auction-info/2027-2028/2027-2028-bra-report.pdf,первоисточник,cap $256.75 $/MW-ICAP ($333.44 $/MW-UCAP); floor $138.25 $/MW-ICAP ($179.55 $/MW-UCAP),"Весь регион закрылся по потолку; стоимость аукциона $16,4 млрд; недобор к требованию надёжности 6 623 МВт UCAP. Потолок в ICAP тот же, в UCAP вырос из-за пересчёта ELCC."
03-06,03,Последний аукцион в «лестнице» — 2027/28; до 28.09.2026 вышел новый — 2028/29,333.44,325,$ за МВт-день (UCAP),2026-07-14,ФАКТ,устарело,https://www.pjm.com/-/media/DotCom/markets-ops/rpm/rpm-auction-info/2028-2029/2028-2029-bra-results-report.pdf,первоисточник,"The price came in at the FERC-approved cap, $325/MW-day (UCAP) for the entire PJM footprint","Аукцион на 2028/29: цена −2,5% к 2027/28, но снова на потолке. Потолок $256,75 ICAP = $325,00 UCAP, пол $138,25 ICAP = $175,00 UCAP. Стоимость $16,4 млрд; недобор к требованию надёжности 6 831 МВт. Следующий аукцион (2029/30) до 28.09.2026 не проводился. В «лестнице» теперь пять ступеней."
03-07,03,"Рост цены мощности PJM с 2024/25 по 2027/28 (три шага, четыре аукциона)",11.5,11.5,раз,2025-12-17,ФАКТ,проверено,https://www.pjm.com/-/media/DotCom/markets-ops/rpm/rpm-auction-info/2027-2028/2027-2028-bra-report.pdf,данные,расчёт: 333.44 / 28.92 = 11.53,"Арифметика верна. Формулировку «за три аукциона» лучше заменить на «за три года» или «с 2024/25 по 2027/28». С учётом 2028/29 ($325) — ×11,2; пик остаётся на 2027/28."
03-08,03,"Цены 2026/27, 2027/28 и 2028/29 упёрлись в потолок ценового коллара",,329.17/333.44/325,"$ за МВт-день (UCAP), потолок",2026-07-14,ФАКТ,проверено,https://www.pjm.com/-/media/DotCom/about-pjm/newsroom/2026-releases/20260714-pjm-capacity-auction-procures-138318-mw-of-generation-resources.pdf,первоисточник,This was the third consecutive auction with the price collar.,"Потолок и пол в ICAP одинаковы: $256,75 и $138,25. В UCAP: потолки 329,17/333,44/325,00, полы 177,24/179,55/175,00. Коллар введён по договорённости с губернаторами и FERC; PJM пишет, что коллар установлен на четыре аукциона. Для графика: три последние ступени — не рыночное равновесие, а потолок. У аукционов 2024/25 и 2025/26 коллара не было."
03-09,03,"Независимый монитор рынка (IMM, Monitoring Analytics) относит на ДЦ долю затрат на мощность",40-45,38.2-46.2,%,2026-07-28,ОЦЕНКА,устарело,https://www.monitoringanalytics.com/reports/presentations/2026/IMM_MC_Market_Monitor_Report_20260728.pdf,первоисточник,"total capacity market charges that have resulted from data center load over the last four capacity market auctions equal $29.4B, or 46.2 percent","Свежее: 2028/29 — 38,2% ($6,3 млрд из $16,4 млрд); четыре аукциона 2025/26–2028/29 — 46,2%. 40% — это только 2027/28, а 45% — расчёт Utility Dive за три аукциона (см. 03-10). Метод IMM: контрфактический перерасчёт клиринга аукциона с прогнозом нагрузки без ДЦ (существующих и прогнозных), остальное без изменений."
03-10,03,"Затраты на мощность, отнесённые на ДЦ за последние аукционы",21.3,29.4,млрд $,2026-07-28,ОЦЕНКА,устарело,https://www.monitoringanalytics.com/reports/presentations/2026/IMM_MC_Market_Monitor_Report_20260728.pdf,первоисточник,"costs related to data center forecasts above existing data center loads totaled $21.3 billion, or 45% of the $47.2 billion","Цитата — Utility Dive 07.01.2026 (https://www.utilitydive.com/news/data-centers-pjm-capacity-auction/808951/); в документе IMM от 05.01.2026 цифры 21,3 нет. У самого IMM за три аукциона $23,1 млрд (существующие + прогнозные ДЦ) = 49% от $47,2 млрд; $21,3 млрд — только прогнозная нагрузка сверх существующей (расчёт издания). Свежая цифра IMM за четыре аукциона — $29,4 млрд (9,3 + 7,3 + 6,5 + 6,3)."
03-11,03,"Суммарная стоимость аукционов мощности PJM, база для доли ДЦ",47.2,63.6,млрд $,2026-07-28,ФАКТ,устарело,https://www.monitoringanalytics.com/reports/presentations/2026/IMM_MC_Market_Monitor_Report_20260728.pdf,первоисточник,46.2 percent of total capacity market charges over those four auctions,"47,2 верно для трёх аукционов по отчётам PJM: 14,7 (2025/26) + 16,1 (2026/27) + 16,4 (2027/28). С 2028/29 (+16,4) — 63,6 за четыре."
03-12,03,IMM: вклад ДЦ в стоимость аукциона 2027/28,40,6.5,млрд $ (40% от $16.4 млрд),2026-01-05,ОЦЕНКА,проверено,https://www.monitoringanalytics.com/reports/Reports/2026/IMM_Analysis_of_the_20272028_RPM_Base_Residual_Auction_Part_A_20260105.pdf,первоисточник,"inclusion of 17,071 MW … of existing and forecast data center load … resulted in an increase of $6,497,653,512, or 65.5 percent","65,5% — прирост к контрфактической выручке ($9,9 млрд без ДЦ); 40% — доля в фактических $16,4 млрд. Из $6,5 млрд около $6,2 млрд — ещё не построенные ДЦ (Utility Dive). Данные для заштриховки ступени 2027/28."
03-13,03,IMM: вклад ДЦ в стоимость аукциона 2028/29,,6.3,млрд $ (38.2% от $16.4 млрд),2026-07-28,ОЦЕНКА,проверено,https://www.monitoringanalytics.com/reports/presentations/2026/IMM_MC_Market_Monitor_Report_20260728.pdf,первоисточник,"of the $16.4B in capacity market charges, $6.3B was a result of data center load. This was 38.2 percent","Новое, в плане нет. Доклад IMM комитету участников PJM 28.07.2026; полного анализа IMM (Part A) по 2028/29 к 28.09.2026 на сайте нет."
03-14,03,IMM: вклад ДЦ в стоимость аукциона 2025/26,,9.3,млрд $ (63% от $14.7 млрд),2025-10-01,ОЦЕНКА,проверено,https://www.monitoringanalytics.com/reports/Reports/2025/IMM_Analysis_of_the_20262027_RPM_Base_Residual_Auction_Part_A_20251001.pdf,первоисточник,"Inclusion of existing and forecast data center load (embedded and above embedded) increased the 2025/2026 BRA revenues by $9,332,103,858","Для заштриховки ступени 2025/26. Доля 63% — наш расчёт 9,33 / 14,7."
03-15,03,IMM: вклад ДЦ в стоимость аукциона 2026/27,,7.3,млрд $ (45% от $16.1 млрд),2025-10-01,ОЦЕНКА,проверено,https://www.monitoringanalytics.com/reports/Reports/2025/IMM_Analysis_of_the_20262027_RPM_Base_Residual_Auction_Part_A_20251001.pdf,первоисточник,"Inclusion of 11,993 MW of existing and forecast data center load … resulted in a $7,271,197,971 or an 82.1 percent increase","82,1% — к контрфактической выручке; доля в фактических $16,1 млрд — 45% (наш расчёт). Для заштриховки ступени 2026/27."
03-16,03,Сам IMM называет прогнозы нагрузки ДЦ крайне неопределёнными,,,,2026-01-05,ФАКТ,проверено,https://www.monitoringanalytics.com/reports/Reports/2026/IMM_Analysis_of_the_20272028_RPM_Base_Residual_Auction_Part_A_20260105.pdf,первоисточник,The extreme uncertainty in the load forecasts based on uncertainty about the addition of large data center loads is also unique and unprecedented,"Оговорка из «Спорного» подтверждается дословно. Вторая половина цитаты: «…raises questions about the meaning of clearing a capacity auction based on those forecasts». В докладе 28.07.2026 для 2025/26 указан прогноз нагрузки 2024 года, для остальных аукционов — прогноз 2025 года."
03-17,03,Средняя цена электричества для домохозяйств в США,18.31,18.31,¢ за кВт·ч,2026-07,ФАКТ,проверено,https://www.eia.gov/electricity/monthly/update/end-use.php,данные,Residential … 18.31 cents/kWh,"Месяц — июль 2026 (Electric Power Monthly, выпуск 24.09.2026, свежее нет). Это средняя выручка за кВт·ч (EIA: «proxy for retail rates»), а не тариф. Летние месяцы дороже среднегодовых — в тексте указать «в июле 2026». Табл. 5.6.A: июль 2025 — 17,45."
03-18,03,Рост средней цены для домохозяйств в США,4.9,4.9,% г/г,2026-07,ФАКТ,проверено,https://www.eia.gov/electricity/monthly/update/end-use.php,данные,Residential … 18.31 … 4.9% [vs July 2025],"Июль 2026 к июлю 2025; номинал. Проверка по табл. 5.6.A: 18,31 / 17,45 = +4,93%. По всем секторам +4,4%."
03-19,03,Огайо: рост средней выручки за кВт·ч,15,15.2,% г/г,2026-07,ФАКТ,проверено,https://www.eia.gov/electricity/monthly/update/end-use.php,данные,"The largest percent increase was in Hawaii, up 25.4%, followed by Ohio, up 15.2%, and Maryland, up 14.8%.","ВНИМАНИЕ: все секторы (15,09 против 13,10 ¢), июль к июлю, а не домохозяйства. Для домохозяйств Огайо +11,9% (19,45 против 17,38 ¢, табл. 5.6.A). Первое место — Гавайи (+25,4%), не штат PJM."
03-20,03,Мэриленд: рост средней выручки за кВт·ч,15,14.8,% г/г,2026-07,ФАКТ,проверено,https://www.eia.gov/electricity/monthly/update/end-use.php,данные,"followed by Ohio, up 15.2%, and Maryland, up 14.8%","Все секторы (19,35 против 16,86 ¢), июль к июлю. Для домохозяйств Мэриленд +13,7% (21,41 против 18,83 ¢). Округлять до «~15%» допустимо, если указан охват «все потребители»."
03-21,03,"UCS: затраты на подключение ДЦ к сети в 7 штатах PJM, одобренные в 2024",4.3,4.36,млрд $,2025-09,ОЦЕНКА,проверено,https://www.ucs.org/sites/default/files/2025-09/PJM%20Data%20Center%20Issue%20Brief%20-%20Sep%202025.pdf,первоисточник,"in 2024 alone, utilities in seven PJM states passed more than $4.3 billion in additional costs on to customers","130 проектов местных ЛЭП, одобренных в 2024 (табл. 1: $4 356,3 млн): Вирджиния $1,9 млрд, Огайо $1,3 млрд, Пенсильвания $0,49 млрд, Иллинойс, Западная Вирджиния, Мэриленд, Нью-Джерси. Это не весь PJM, а 7 штатов; в сумму входит только сетевое подключение, без мощности. Бриф UCS (Майк Джейкобс), сентябрь 2025."
03-22,03,"UCS: доля затрат на подключение ДЦ, переложенная на всех потребителей",95,95,% проектов,2025-09,ОЦЕНКА,исправлено,https://www.ucs.org/sites/default/files/2025-09/PJM%20Data%20Center%20Issue%20Brief%20-%20Sep%202025.pdf,первоисточник,assigned $4.3 billion in connection costs for the remaining 95 percent of data center projects to the same pool of costs paid by all consumers,"95% — это доля проектов, а не затрат: 124 из 130 проектов (у 6 платил сам клиент). Верно: «в 95% проектов затраты на подключение ($4,3 млрд) легли на всех потребителей». В пресс-релизе UCS сказано «over 95% of the projects»."
03-23,03,"Rutgers: прибавка к месячному счёту домохозяйства в ZIP-кодах с ДЦ, 2014–2024, статистически незначима",0.9,0.9,$ в месяц,2026-06-22,ОЦЕНКА,проверено,https://policylab.rutgers.edu/publication/are-data-centers-raising-your-electric-bill-mostly-not-yet/,первоисточник,"the estimated increase fell to about $0.90 per month, and the result was not statistically significant","New Jersey State Policy Lab (Rutgers). Данные о счетах — ACS Бюро переписи, привязка ДЦ по заявкам на подключение; модели с фиксированными эффектами, event study, сопоставленные выборки. В грубой оценке +$2,09/мес, в сопоставленной — +$0,90 (незначимо). Сами авторы: вывод только для периода до гиперскейлеров. Тег в плане ФАКТ, но это статистическая оценка → ОЦЕНКА."
03-24,03,EPRI: рост нагрузки ДЦ снижал розничные тарифы (2015–2024),,6,"% (снижение средней цены для домохозяйств, 2019–2024)",2026-06-18,ОЦЕНКА,исправлено,https://arxiv.org/abs/2606.19777,первоисточник,data centers caused average retail electricity rates to fall modestly … We caution that future supply constraints could reverse the effect.,"Watten, Bistline, Blanford (EPRI), arXiv 2606.19777. Метод — инструментальная переменная на уровне штатов (длина трассы по плану межштатных шоссе 1947 г.). Удвоение мощности ДЦ → −3,5% к цене для домохозяйств. Слово «временно» в плане неточно: EPRI не нашёл временного эффекта, а предупреждает, что дефицит мощности может развернуть его. Тег → ОЦЕНКА."
03-25,03,Эффект 2025+ на счета ещё не измерен: оба исследования заканчиваются 2024 годом,,2024,последний год данных,2026-06,ФАКТ,проверено,https://policylab.rutgers.edu/publication/are-data-centers-raising-your-electric-bill-mostly-not-yet/,первоисточник,pre-hyperscaler period,"Rutgers — 2014–2024, EPRI — 2015–2024. Рост цены мощности (2025/26: с июня 2025) в эти окна не попадает. Rutgers прямо пишет, что затраты «take time to reach customers»."
03-26,03,Модель CMU / NC State: рост стоимости генерации в США к 2030,8,8,%,2025-07-09,ПРОГНОЗ,исправлено,https://www.cmu.edu/work-that-matters/energy-innovation/data-center-growth-could-increase-electricity-bills,первоисточник,data center and cryptocurrency mining growth through 2030 could increase average U.S. electricity generation costs by 8%,"Open Energy Outlook (Blackhurst, Wade, DeCarolis, de Queiroz, Johnson, Jaramillo). Число верно, но драйвер — ДЦ И майнинг криптовалют вместе; в тексте указать. Сравнение со сценарием без роста ДЦ. В заголовке CMU — «bills», в тексте — «generation costs»; план корректно пишет «стоимость генерации»."
03-27,03,Модель CMU / NC State: рост затрат на электричество в Вирджинии к 2030,25,25,% (более),2025-07-09,ПРОГНОЗ,проверено,https://www.cmu.edu/work-that-matters/energy-innovation/data-center-growth-could-increase-electricity-bills,первоисточник,"Central and Northern Virginia face projected 2030 electricity cost increases exceeding 25%, the highest regional increase in the model","Регион модели — «Центральная и Северная Вирджиния», а не только Северная. Тоже ДЦ + майнинг, против сценария без роста ДЦ."
03-28,03,AEP Ohio: минимальная оплата заявленной мощности для новых ДЦ,85,85,% (минимум),2025-07-09,ФАКТ,исправлено,https://www.aep.com/news/stories/view/10327/,первоисточник,large new data center customers to pay for a minimum of 85% of the energy they are subscribed to use,"В плане «оплата до 85%», а верно «не менее 85%»: это нижняя граница платежа, а не потолок. Тариф DCT утверждён PUCO 09.07.2025, действует с 23.07.2025, для ДЦ от 25 МВт; для 25–75 МВт — скользящая шкала. Тарифная страница: https://www.aepohio.com/company/about/rates/data-center-tariff/"
03-29,03,AEP Ohio: срок обязательства по тарифу для ДЦ,12,12,"лет (максимум, включая до 4 лет разгона)",2025-07-09,ФАКТ,проверено,https://www.aep.com/news/stories/view/10327/,первоисточник,"12 years, including a 4-year ramp-up period",По тарифу: период разгона до 4 лет (минимум 50/65/80/90% по годам) плюс 8 лет. Выход — с платой минимальных сборов 36 месяцев.
03-30,03,Dominion (Вирджиния): новый класс тарифов GS-5 для крупных нагрузок,,25,МВт (порог),2025-11-25,ФАКТ,вторичный,https://virginiamercury.com/2025/11/25/scc-approves-chesterfield-gas-plant-and-dominion-rate-hike-creates-new-rate-class-for-data-centers/,вторичный,"over 25MW … 14-year contracts … 85% for transmission, 85% for distribution, and 60% for generation","Решение SCC по делу PUR-2025-00058 от 25.11.2025; сайт SCC закрыт для загрузки (robots). Условия: ≥25 МВт, контракт 14 лет (включая разгон до 4 лет), минимальные сборы 85% за передачу и распределение и 60% за генерацию; для договоров с 01.01.2027 (по аннотированной копии приказа)."
03-31,03,"Спецтарифы для крупных нагрузок, предложенные или одобренные в 2025 (база DELTa)",53,53,тарифа,2026-04-30,ФАКТ,проверено,https://www.cobank.com/knowledge-exchange/the-state-of-large-load-rate-design-insights-from-the-delta-database,вторичный,53 proposed or approved for 2025 — up from just 14 between 2018 and 2024,"Считал CoBank (Teri Viswanath) по базе DELTa (SEPA + NC Clean Energy Technology Center), обновление за март 2026. SEPA (20.04.2026): из них одобрено 29. Свежее: DELTa на конец 2К26 — 104 тарифа и правила в 37 штатах (NCCETC, 14.07.2026)."
03-32,03,Ирландия (CRU): новые ДЦ обязаны обеспечить собственную генерацию или накопители,100,100,"% максимальной мощности импорта (MIC), с учётом дерейтинга",2025-12-12,ФАКТ,исправлено,https://cruie-live-96ca64acab2247eca8a850a7e54b-5b34f62.divio-media.com/documents/CRU2025236_Large_Energy_User_connection_policy_decision_paper.pdf,первоисточник,dispatchable onsite or proximate generation and/or storage capacity which matches their MIC (subject to derating requirements),"Решение CRU/2025/236 от 12.12.2025. Речь о мощности, равной 100% максимальной разрешённой мощности импорта из сети (MIC), а не о 100% потреблённой энергии. Генерация должна быть диспетчеризуемой, стоять на площадке или рядом и работать на оптовом рынке SEM. Для ДЦ ≥10 МВА — отдельное подключение; для ДЦ 1–10 МВА — автопроизводитель за счётчиком. Плюс: ≥80% годового спроса — новой ВИЭ-генерацией в Ирландии (глиссада 6 лет)."
04-01,04,Ирландия: доля датацентров в учтённом (по счётчикам) потреблении электроэнергии в 2025,23,23,% учтённого потребления,2025,ФАКТ,проверено,https://www.cso.ie/en/releasesandpublications/ep/p-dcmec/datacentresmeteredelectricityconsumption2025/keyfindings/,первоисточник,The percentage share of total metered electricity consumption used by data centres rose to 23% in 2025 from 5% in 2015,"Релиз CSO от 07.07.2026. Таблица PxStat MEC02 (квартальные ГВт·ч, «Data centres» против всех): 7 662 ГВт·ч из 32 987 ГВт·ч = 23,2%; в релизе 7 663 ГВт·ч, +10% г/г. 2024 — 21,9% (в релизе 22%), 2015 — 5%. Учтённое = по счётчикам сети, без собственной генерации"
04-02,04,"Ирландия: доля городских домохозяйств в учтённом потреблении электроэнергии в 2025 (меньше, чем у ДЦ)",18,18,% учтённого потребления,2025,ФАКТ,проверено,https://ws.cso.ie/public/api.restful/PxStat.Data.Cube_API.ReadDataset/MEC05/CSV/1.0/en,данные,2025 consumption stood at 18% for urban households and 9% for rural households,"Цитата — из Key Findings CSO (07.07.2026). Таблица PxStat MEC05, тарифная группа Urban Residential: 5 954 ГВт·ч из 32 986 ГВт·ч = 18,05%; Rural Residential — 3 121 ГВт·ч (9,5%). В 2015 городские домохозяйства — 22%"
04-03,04,Вирджиния: текущая доля датацентров в потреблении электроэнергии штата,25,25,% потребления штата,2026-02-26,ОЦЕНКА,проверено,https://www.globenewswire.com/news-release/2026/2/26/3245491/0/en/epri-data-centers-could-consume-up-to-17-of-u-s-electricity-by-2030.html,первоисточник,"Virginia, the state with the most data center demand, where data centers consume around 25% of electricity","Пресс-релиз EPRI к отчёту Powering Intelligence 2026. «Около 25%» — оценка EPRI, год не указан"
04-04,04,Вирджиния: доля датацентров в потреблении электроэнергии к 2030,39-57,39-57,% потребления штата,2030,ПРОГНОЗ,проверено,https://www.globenewswire.com/news-release/2026/2/26/3245491/0/en/epri-data-centers-could-consume-up-to-17-of-u-s-electricity-by-2030.html,первоисточник,could see that share increasing to between 39% and 57% by 2030,"EPRI, 26.02.2026. Там же: по США 4–5% сейчас → 9–17% к 2030; ещё 7 штатов могут превысить 20%"
04-05,04,"США: доля датацентров в потреблении электроэнергии в 2024 (LBNL, 192 ТВт·ч)",4.7,4.7,% потребления США,2024,ОЦЕНКА,проверено,https://eta-publications.lbl.gov/publications/united-states-data-center-energy-2025,первоисточник,"192 terawatt-hours (TWh), accounting for 4.7% of total U.S. electricity consumption","United States Data Center Energy Usage Report: 2025 Update (LBNL, июнь 2026). Тег исправлен: ФАКТ → ОЦЕНКА — это расчёт bottom-up модели по поставкам оборудования, а не учёт. Смешения в плане нет: 4,4% относится к 2023 и 6,7–12% к 2028 — это отчёт LBNL декабря 2024, их не стоит ставить рядом с 4,7% и 11,8%"
04-06,04,"США: доля датацентров в потреблении электроэнергии к 2030, базовый сценарий LBNL (649 ТВт·ч)",11.8,11.8,% потребления США,2030,ПРОГНОЗ,проверено,https://eta-publications.lbl.gov/publications/united-states-data-center-energy-2025,первоисточник,"The Reference Case estimate for 2030 data center electricity use is 649 TWh, representing 11.8% of forecasted 2030 U.S. electricity use",LBNL 2025 Update (июнь 2026). 2028 — 464 ТВт·ч. Датацентры — 33% прироста нагрузки США 2024–2030
04-07,04,США: диапазон доли датацентров в потреблении к 2030 (LBNL),9.5-15.3,9.5-15.3,% потребления США,2030,ПРОГНОЗ,проверено,https://eta-publications.lbl.gov/publications/united-states-data-center-energy-2025,первоисточник,"521–843 TWh, equal to 9.5–15.3% of total U.S. electricity use in 2030","Отчёт LBNL декабря 2024 давал 6,7–12% к 2028 (325–580 ТВт·ч) при 4,4% в 2023 (176 ТВт·ч) — другой отчёт и другой горизонт: https://www.energy.gov/articles/doe-releases-new-report-evaluating-increase-electricity-demand-data-centers"
04-08,04,"США: газовая генерация в разработке (анонс, подготовка, стройка)",252,378,ГВт,2026-08,ФАКТ,устарело,https://globalenergymonitor.org/research/us-gas-power-proposals-tied-data-centers-nearly-double-six-months,первоисточник,"gas power capacity in development in the U.S. has increased 50% (+127 GW), growing from 252 to 378 GW",252 ГВт — данные GEM на январь 2026 (итог 2025). В августе 2026 GEM обновил трекер: 378 ГВт. Проекты на стадии анонса часто не строятся — GEM сам это оговаривает
04-09,04,"США: доля газовой генерации в разработке, которая предназначена напрямую для датацентров",больше трети,50,% мощности в разработке (189 ГВт),2026-08,ФАКТ,устарело,https://globalenergymonitor.org/research/us-gas-power-proposals-tied-data-centers-nearly-double-six-months,первоисточник,189 gigawatts (GW) of gas-fired capacity ... intended to meet the exponential increase in electricity demand brought by the booming data center expansion,"Январь 2026: «More than one-third of this capacity is slated to directly power data centers on-site» (около 97 ГВт из 252). Август 2026: 189 из 378 ГВт — половина, рост почти ×2 за полгода. Определение GEM: станция строится в первую очередь под ДЦ, за счётчиком или как выделенная"
04-10,04,Уголь в США: плановые закрытия в 2025,8.0,8.0,ГВт,2025,ФАКТ,проверено,https://www.eia.gov/todayinenergy/detail.php?id=67206,первоисточник,only 2.6 GW out of an anticipated 8.0 GW of coal capacity were retired,"EIA Today in Energy, 23.02.2026"
04-11,04,Уголь в США: фактические закрытия в 2025,2.6,2.6,ГВт,2025,ФАКТ,проверено,https://www.eia.gov/todayinenergy/detail.php?id=67206,первоисточник,as the DOE issued emergency orders that temporarily postponed the retirement of large coal plants,"Причина — экстренные приказы Минэнерго (202(c)), EIA не связывает их с датацентрами напрямую. По всем типам станций: план 12,3 ГВт, факт 4,6 ГВт — минимум с 2008"
04-12,04,Перезапуск Crane Clean Energy Center (бывшая Three Mile Island-1) под контракт с Microsoft: целевой год,,2027,год (цель),2026-08-11,ПРОГНОЗ,проверено,https://www.constellationenergy.com/about/locations/crane-clean-energy-center.html,первоисточник,expects the plant to be ready for service in 2027,835 МВт; PPA с Microsoft на 20 лет объявлен 20.09.2024. По Neutron Bytes (11.08.2026) цель — загрузка топлива и работа в конце 2027; решение NRC по лицензии ожидается в мае 2027; FERC в июне 2026 одобрил перенос 760 МВт прав на подключение. Анализ PJM допускал полный зачёт мощности только к 2031
04-13,04,"Ядерные соглашения Meta (Vistra, Oklo, TerraPower): объём и сроки",6.6 (в основном 2030–2035),до 6.6 к 2035,ГВт,2026-01-09,ФАКТ,исправлено,https://about.fb.com/news/2026/01/meta-nuclear-energy-projects-power-american-ai-leadership/,первоисточник,supporting up to 6.6 GW of new and existing clean energy by 2035,"Формулировка: «до 6,6 ГВт к 2035», это не только новые АЭС. Vistra: 2 176 МВт с действующих Perry и Davis-Besse — покупка с конца 2026 + 433 МВт модернизации (всё к 2034). Oklo: до 1,2 ГВт с 2030. TerraPower: до 2,8 ГВт, 2032–2035. Новая мощность 2030–2035 — около 4,4 ГВт из 6,6; Oklo и TerraPower — соглашения о поддержке разработки с оговоркой «до»"
04-14,04,Google: рост общих выбросов (ambition-based) в 2025 к базовому 2019,81,81,% к 2019,2025,ФАКТ,вторичный,https://www.esgdive.com/news/googles-emissions-continue-to-climb-due-to-ai-buildout/824373/,вторичный,81% increase in emissions from the 2019 baseline year,"База — 2019 год, верно. Отчёт Google 2026 Environmental Report (30.06.2026) открыт, но таблицы данных (с. 82+) инструмент не прочёл. Цифру дают ESG Dive, Trellis («more than 80 percent») и The Planet Brief (14,47 Мт, +18% г/г). Сверить по таблице отчёта вручную"
04-15,04,Microsoft: рост общих выбросов (Scope 1+2 рыночный+3) в FY25 к базовому FY20,62,61.7,% к FY20,2025-06,ФАКТ,проверено,https://cdn-dynmedia-1.microsoft.com/is/content/microsoftcorp/microsoft/msc/documents/presentations/CSR/2026-Microsoft-Environmental-Data-Fact-Sheet-PDF.pdf,первоисточник,"Table 1A, total emissions (mtCO2e): FY20 13,061,000; FY25 21,121,000","Наш расчёт по таблице 1A фактшита 2026: 21,12 Мт / 13,06 Мт = +61,7%; к FY24 — +26,5%. Финансовый год Microsoft: июль 2024 — июнь 2025, это не календарный 2025. Scope 2 FY25: сетевой 12,03 Мт, рыночный 2,71 Мт"
04-16,04,Amazon: рост абсолютных выбросов в 2025 к 2024,16,16,% г/г,2025,ФАКТ,проверено,https://sustainability.aboutamazon.com/2025-amazon-sustainability-report.pdf,первоисточник,"From 2024 to 2025, absolute emissions increased 16%","80,85 Мт CO2e против 69,55 Мт (+16,2%). Рыночный метод с сертификатами (EAC). Отчёт опубликован 01.07.2026. Интенсивность выбросов выросла на 3%, впервые с 2019"
04-17,04,Meta: Scope 2 по рыночному методу,1358,1358,т CO2e,2024,ФАКТ,проверено,https://sustainability.atmeta.com/wp-content/uploads/2025/09/Meta-EY_FY24-Independent-Accountants-Review-Report-and-Appendix.pdf,первоисточник,"Scope 2 GHG emissions (market-based method) 1,358",Год — 2024 (заверение EY к 2025 Sustainability Report). Более свежего отчёта Meta на 28.09.2026 нет — это последние данные. Сетевой Scope 2 за 2024 — 5 967 348 т
04-18,04,"Meta: во сколько раз Scope 2 по сетевому методу больше, чем по рыночному («расходится на порядки»)",на порядки,4394,раз,2024,ФАКТ,проверено,https://sustainability.atmeta.com/wp-content/uploads/2025/09/Meta-EY_FY24-Independent-Accountants-Review-Report-and-Appendix.pdf,первоисточник,"Scope 2 GHG emissions (location-based method) 5,967,348","Наш расчёт: 5 967 348 / 1 358 ≈ 4 394 раза, около 3,6 порядка. Для сравнения, Google 2025: сетевой 15,15 Мт против рыночного 2,82 Мт (×5,4; вторичный источник); Microsoft FY25: 12,03 против 2,71 Мт (×4,4)"
04-19,04,IEA: выбросы CO2 от электропотребления датацентров в мире,180,180,Мт CO2,2024,ОЦЕНКА,проверено,https://www.iea.org/reports/energy-and-ai/executive-summary,первоисточник,Emissions from electricity use by data centres grows from 180 million tonnes (Mt) today to 300 Mt in the Base Case by 2035,"Energy and AI (апрель 2025), «today» = 2024, около 0,5% выбросов от сжигания топлива. Тег: это модельная оценка IEA, а не учёт, поэтому ОЦЕНКА вместо ФАКТ"
04-20,04,IEA: выбросы CO2 датацентров к 2035,350,350,Мт CO2,2035,ПРОГНОЗ,проверено,https://www.iea.org/reports/key-questions-on-energy-and-ai/executive-summary,первоисточник,"The emissions associated with data centres double in IEA projections, reaching around 350 million tonnes in 2035",Это другой отчёт — Key Questions on Energy and AI (16.04.2026). В отчёте 2025 было 300 Мт (Base Case) и до 500 Мт (Lift-Off). В тексте указать оба отчёта или только новый; около 2% выбросов электроэнергетики в 2035
04-21,04,Техас: потребление воды датацентрами в 2025 (HARC),25,25,млрд галлонов в год,2025,ОЦЕНКА,проверено,https://harcresearch.org/news/texas-data-center-boom-could-consume-up-to-161-billion-gallons-of-water-annually-by-2030/,первоисточник,Existing data centers in Texas consume an estimated 25 billion gallons of water annually for electricity generation and cooling systems,"HARC, 21.01.2026. В цифру входит вода на выработку электроэнергии для ДЦ, а не только охлаждение. ≈ 95 млн м³"
04-22,04,Техас: потребление воды датацентрами к 2030 (HARC),29-161,29-161,млрд галлонов в год,2030,ПРОГНОЗ,проверено,https://harcresearch.org/news/texas-data-center-boom-could-consume-up-to-161-billion-gallons-of-water-annually-by-2030/,первоисточник,"By 2030, that figure could rise to between 29 and 161 billion gallons per year","Верхняя граница — до 2,7% всего водопотребления штата. Включает воду электростанций"
04-23,04,Google: потребление воды в 2025,10.9,10.9,млрд галлонов,2025,ФАКТ,проверено,https://sustainability.google/files/1699a2e19277e478b38a659f00cb38398a836e8c/download-1699a2e1.pdf,первоисточник,"In 2025, we consumed 10.9 billion gallons (41 billion liters…) of water across our data centers and offices","Включает офисы, это не только ДЦ. Восполнено 7,7 млрд галлонов = 78% потребления пресной воды (то есть пресной ≈ 9,9 млрд; остальное — непресная вода)"
04-24,04,Google: рост потребления воды в 2025 к 2024,34,34,% г/г,2025,ФАКТ,проверено,https://sustainability.google/files/1699a2e19277e478b38a659f00cb38398a836e8c/download-1699a2e1.pdf,первоисточник,Our water consumption increased 34% from 2024 to 2025,The Planet Brief пишет о +37% потребления пресной воды — это другой показатель; в тексте держаться +34% (всё потребление)
04-25,04,Microsoft: доля забора воды в районах водного стресса,50,50,% забора воды,2025-06,ФАКТ,проверено,https://cdn-dynmedia-1.microsoft.com/is/content/microsoftcorp/microsoft/msc/documents/presentations/CSR/2026-Microsoft-Environmental-Data-Fact-Sheet-PDF.pdf,первоисточник,"For FY25, total water withdrawals from areas with water stress were 6,659 ML (50% of total water withdrawals)","FY25 (июль 2024 — июнь 2025). Весь забор — 13 266 Мл, потребление — 8 170 Мл"
04s-01,04s,"Шум на участках жителей рядом с датацентрами в Северной Вирджинии (площадки, на которые жаловались)",40-59,40-59,дБ(А),2024-12,ФАКТ,вторичный,https://cobbcountycourier.com/2026/06/5-ways-data-centers-endanger-their-local-communities-and-the-country-as-a-whole/,вторичный,Measurements at the data centers that were the subject of complaints found noise levels were between 40 and 59 decibels on residential property,"Цитата — The Conversation (Gour, Maibach, Ortiz, George Mason University, 08.06.2026; сайт закрыт для инструмента, взята перепечатка). Ссылка там ведёт на JLARC, Data Centers in Virginia (2024), https://jlarc.virginia.gov/pdfs/reports/Rpt598-2.pdf#page=93; то же в Frontiers in Climate (06.02.2026). В тексте JLARC цифру найти не удалось — сверить с. 93 вручную. Кто и когда мерил (день/ночь), не указано. Тег: это замер, а не оценка → ФАКТ. Elk River — не первоисточник"
04s-02,04s,"Шум ДЦ низкочастотный и редко нарушает местные нормы (жалобы есть, нарушений на бумаге нет)",,,,2024-12,ФАКТ,проверено,https://jlarc.virginia.gov/pdfs/reports/Rpt598.pdf,первоисточник,Data centers emit low-frequency noise that is not loud enough to damage nearby residents' hearing and rarely loud enough to violate noise ordinances,"JLARC, глава 6. Рекомендует требовать шумовое моделирование и нормы с низкочастотными метриками. Microsoft о Fairwater: уровни «meet the requirements set by local ordinance»"
04s-03,04s,"ВОЗ: ночной шум самолётов — ниже 40 дБ Lnight (Environmental Noise Guidelines, 2018)",40,40,дБ Lnight,2018-10,ФАКТ,проверено,https://cdn.who.int/media/docs/default-source/who-compendium-on-health-and-environment/who_compendium_noise_01042022.pdf,первоисточник,< 40 dB Lnight for aircraft noise,"Сильная рекомендация ENG 2018 (ВОЗ, Европейский регион); днём и вечером — 45 дБ Lden. Lnight — среднегодовой уровень снаружи у наиболее экспонированного фасада, A-взвешенный"
04s-04,04s,"ВОЗ: ночной шум у фасада — ниже 40 дБ (Night Noise Guidelines, 2009)",40,40,"дБ(А) Lnight,outside",2009,ФАКТ,проверено,https://www.polisnetwork.eu/wp-content/uploads/2019/06/who-night-noise-guidelines.pdf,первоисточник,"Night Noise Guideline (NNG): Lnight,outside = 40 dB; Interim Target (IT): Lnight,outside = 55 dB","Копия PDF ВОЗ (оригинал на iris.who.int ответил 403). Lnight,outside — A-взвешенный среднегодовой уровень за ночи (8 ч), у наиболее экспонированного фасада. Промежуточная цель — 55 дБ"
04s-05,04s,ВОЗ: шум в спальне ночью — ниже 30 дБ(А),30,30,дБ(А) LAeq в помещении,1999,ФАКТ,проверено,https://www.who.int/europe/news-room/fact-sheets/item/noise,первоисточник,less than 30 A-weighted decibels (dB(A)) in bedrooms during the night for a sleep of good quality,"Норма из Guidelines for Community Noise (1999), приведена в фактшите ВОЗ/Европа (2011). Это эквивалентный уровень для постоянного шума; пиковый LAmax — 45 дБ"
04s-06,04s,Гул площадки ночью может быть громче планки ВОЗ для ночных полётов,40-59 против 40,41-59 против 40,дБ(А),2026-09-28,ОЦЕНКА,вторичный,https://cobbcountycourier.com/2026/06/5-ways-data-centers-endanger-their-local-communities-and-the-country-as-a-whole/,вторичный,noise levels were between 40 and 59 decibels on residential property,"Сравнение держится на вторичном замере (04s-01). Нижняя граница 40 дБ равна планке, превышение — только в части диапазона. Замеры разовые и не обязательно ночные, нормы ВОЗ — среднегодовые Lnight снаружи для авиашума. Формулировка «может быть» корректна, «громче» — нет"
04s-07,04s,Поправка A-взвешивания на 63 Гц (шкала дБ(А) занижает низкие частоты),26,-26.2,дБ относительно 1 кГц,2013,ФАКТ,проверено,https://clementacoustics.co.uk/frequency-weighting-curves/,вторичный,"A-weighting, octave band 63 Hz: -26.2 dB","Стандарт IEC 61672-1:2013 платный. Наш расчёт по его аналитической формуле: −26,2 дБ на 63 Гц, −39,5 на 31,5 Гц, −50,4 на 20 Гц. Для тона 118 Гц (Atlas Power, по INVC) поправка около −17 дБ"
04s-08,04s,"Иск жителей против Microsoft (Fairwater, Маунт-Плезант, Висконсин) из-за низкочастотного гула",2026,2026-07-01,дата подачи,2026-07-01,ФАКТ,проверено,https://www.wpr.org/news/microsoft-sued-noise-complaints-at-new-mount-pleasant-data-center,первоисточник,much of the 'low hum' noise is low-frequency infrasound that is not detected and reflected in dBA measurements,"Коллективный иск трёх жителей Стёртеванта, федеральный окружной суд Восточного округа Висконсина, подан в среду 01.07.2026 (WPR 02.07, Urban Milwaukee 03.07). Facilities Dive пишет «early June» — вероятно, ошибка. Источники шума в иске: генераторы, чиллеры, градирни, вентиляторы конденсаторов"
04s-09,04s,Иск жителей Саутхейвена (Миссисипи) против xAI: шум и вибрация от газовых турбин,2026,2026-06-08,дата подачи,2026-06-08,ФАКТ,проверено,https://www.mississippifreepress.org/southaven-residents-sue-xai-alleging-near-constant-noise-from-gas-turbines-is-causing-harm/,первоисточник,"near-constant noise, vibrations and other nuisance-level harms","Федеральный суд Северного округа Миссисипи; ответчики — X.AI Corp., SpaceX, MZX Tech LLC. По иску на площадке более 50 газовых турбин (разрешение — на 41). Facilities Dive: «noise, vibration and air pollution coming from dozens of gas turbines»"
04s-10,04s,"Atlas Power (Уиллистон, Северная Дакота): стоимость звукового экрана",5,,млн $,2023-07,ФАКТ,не подтверждено,https://www.kfyrtv.com/2023/07/13/sound-wall-construction-underway-atlas-power-data-center-williston/,первоисточник,paid an undisclosed amount to sound mitigation company Urban Solution Group,"По местному ТВ KFYR сумма не раскрыта. $5 млн называют только INVC (британская компания, продаёт шумоподавление, кейс в рекламных целях) и пересказывающий её Elk River. Важно: Atlas Power — майнинговая крипто-ферма, а не AI-датацентр"
04s-11,04s,Atlas Power: экран не снизил шум,,,,2023-11-29,ОЦЕНКА,вторичный,https://invc.com/noise-control/atlas-power-data-center-environmental-noise-complaints/,вторичный,no change in the typical tonal noise levels that have been the cause of the complaints,INVC — заинтересованная сторона. KFYR (29.11.2023): жители считают экраны неэффективными и мерили у себя 60–95 дБ «или больше» (прибор и шкала не указаны)
04s-12,04s,Atlas Power: иск жителей и мировое соглашение,2026,2023/2025/2026,год иска / мирового / подписания,2026-03-13,ФАКТ,исправлено,https://www.kfyrtv.com/2026/03/13/settlement-agreements-going-out-residents-by-data-center-next-williston/,первоисточник,"deals are being presented to various residents. So far, three are finalized with more to come","Иск 22 жителей Джадсон-тауншипа против Atlas Power и округа Уильямс подан в ноябре 2023; о мировом объявлено в июне 2025 (KFYR 17.06.2025); индивидуальные соглашения подписывают с марта 2026, условия не раскрыты. Это не иск 2026 года"
04s-13,04s,"Число исков о шуме против датацентров, поданных в 2026",6,6,исков (минимум),2026-08-31,ФАКТ,проверено,https://www.facilitiesdive.com/news/noise-lawsuit-is-latest-in-legal-wave-hitting-data-center-operations/829040/,первоисточник,At least half a dozen noise-related lawsuits against data centers have been filed this year,"Список: Маунт-Плезант (Microsoft), Саутхейвен (xAI), Вайнленд (DataOne), Довагиак (Alliance Cloud Services — майнинговая площадка, WWMT 31.05.2026), Норт-Тонаванда (Digi Power X — криптомайнинг), округ Худ (MARA — криптомайнинг; федеральный иск 05.2026, в суде штата — с 10.2024). По WilmerHale (13.07.2026) и WWMT: минимум 3 из 6 — против криптомайнинговых площадок, а не AI-датацентров"
04s-14,04s,Округ Лаудон: ставка налога на недвижимость в налоговом 2016 году,1.145,1.145,$ за $100 оценочной стоимости,2016,ФАКТ,проверено,https://www.loudoun.gov/6409/Tax-Revenues-County-Budget,первоисточник,$1.145 in tax year 2016 to $0.805 cents per $100 in assessed value for tax year 2026,"Налоговые, а не финансовые годы"
04s-15,04s,Округ Лаудон: ставка налога на недвижимость в налоговом 2026 году (снижение благодаря датацентрам),0.805,0.805,$ за $100 оценочной стоимости,2026,ФАКТ,проверено,https://www.loudoun.gov/6409/Tax-Revenues-County-Budget,первоисточник,helped to keep the real property tax rate and the vehicle tax rate relatively low,Связь с датацентрами — формулировка самого округа. Доля ДЦ в бюджете (≈38%) на странице не указана
04s-16,04s,Вирджиния: стоимость льготы по налогу с продаж и использования для датацентров,1.94,1.94,млрд $ в год,2025,ФАКТ,проверено,https://rga.lis.virginia.gov/Published/2026/RD40/PDF,первоисточник,an aggregate reported tax benefit of approximately $1.9 billion,"Biennial Data Center Retail Sales and Use Tax Exemption Report (налоговый департамент Вирджинии и VEDP, 02.01.2026), FY2025, штат + местные бюджеты. Это не JLARC: у JLARC было $928,6 млн за FY2023. Точная сумма $1 941 390 000 и ≈$1,2 млн на одно из 1 610 новых мест — по Good Jobs First (20.02.2026). Тег: отчётность операторов → ФАКТ"
04s-17,04s,Gallup: доля американцев против строительства датацентров для ИИ в своём районе,71,71,% взрослых,2026-03,ФАКТ,проверено,https://news.gallup.com/poll/709772/americans-oppose-data-centers-area.aspx,первоисточник,"Seven in 10 Americans oppose constructing data centers for artificial intelligence in their local area, including nearly half, 48%, who are strongly opposed","Опрос 2–18.03.2026, n=1 000, погрешность ±4 п.п.; публикация 13.05.2026. Вопрос — именно о датацентрах для ИИ"
04s-18,04s,"Gallup: доля против строительства АЭС в своём районе (меньше, чем против ДЦ)",,53,% взрослых,2026-03,ФАКТ,проверено,https://news.gallup.com/poll/709772/americans-oppose-data-centers-area.aspx,первоисточник,"In the same March survey, 53% of Americans say they oppose building a nuclear energy plant in their area","Тот же опрос, формулировки вопросов параллельны"
05-01,05,"Капзатраты Big-4 (Alphabet, Amazon, Meta, Microsoft) на 2026 год — сумма прогнозов компаний после отчётов за 2К26",720-745,720-745,млрд $,2026-08-18,ПРОГНОЗ,проверено,https://www.tmtfinance.com/intel/2026-hyperscaler-capex-tops-us700bn-analysis,вторичный,Combined 2026 capital expenditure guidance across the four largest hyperscalers has climbed to US$720bn-745bn following the latest earnings calls.,"Сумма прогнозов компаний (строки 05-02…05-05). В плане стоит «ФАКТ / ОЦЕНКА», по сути это ПРОГНОЗ. Oracle в Big-4 не входит; с Oracle (~$70 млрд нетто за FY27) — около $835 млрд. Базы у компаний разные: Meta и Microsoft считают с финансовой арендой. Новых прогнозов до отчётов за 3К26 (конец октября) не будет."
05-02,05,Amazon: прогноз капзатрат на 2026 год,220,220,млрд $,2026-07-30,ПРОГНОЗ,проверено,https://fortune.com/2026/07/30/andy-jassy-amazon-capex-demand-aws-pga-tour/,вторичный,"Amazon now expects to devote $220 billion to capital expenditures in 2026, up from its prior estimate of $200 billion","Прогноз повышен на звонке по 2К26 с $200 млрд; причину компания назвала — дорожающая память. В плане отдельной цифры нет, строка нужна для суммы 05-01."
05-03,05,Alphabet: прогноз капзатрат на 2026 год,195-205,195-205,млрд $,2026-07-22,ПРОГНОЗ,проверено,https://www.investing.com/news/transcripts/earnings-call-transcript-alphabet-beats-q2-2026-estimates-shares-fall-on-capex-surge-93CH-4807140,первоисточник,"We are updating our full-year 2026 CapEx guidance range to $195 billion-$205 billion, up from our previous estimate of $180 billion-$190 billion.","Стенограмма звонка, слова финансового директора Анат Ашкенази. Прежний диапазон — $180–190 млрд. Структура: ~60% — серверы, ~40% — здания ДЦ и сетевое оборудование. Semafor пишет, что за 2026 год это третье повышение."
05-04,05,Meta: прогноз капзатрат на 2026 год (с выплатами по финансовой аренде),130-145,130-145,млрд $,2026-07,ПРОГНОЗ,проверено,https://www.sec.gov/Archives/edgar/data/1326801/000162828026050596/meta-06302026xexhibit991.htm,первоисточник,"Anticipate 2026 capital expenditures, including principal payments on finance leases, to be in the range of $130-145 billion","Диапазон сужен с $125–145 млрд. Капзатраты за 2К26 — $31,08 млрд."
05-05,05,Microsoft: прогноз капзатрат на календарный 2026 год,175,175,млрд $,2026-07-30,ПРОГНОЗ,проверено,https://www.cfodive.com/news/microsoft-holds-line-ai-spending-plans/826648/,вторичный,"Outside of this useful life impact, our calendar year 2026 CapEx investment expectations remain unchanged.","Прогноз снижен с $190 до $175 млрд только из-за смены учёта. Срок службы зданий ДЦ продлили с 15 до 25 лет, часть будущей аренды стала операционной и перестала считаться капзатратами (−$15 млрд). Реальные вложения не сократились — в тексте это нужно оговорить."
05-06,05,Капзатраты Big-4 за 2025 год,410,410,млрд $,2026-04-30,ФАКТ,проверено,https://finance.yahoo.com/sectors/technology/articles/google-microsoft-meta-amazon-capex-131823436.html,вторичный,up 77% from last year's record $410 billion,"Итог зависит от базы. По SEC XBRL (денежные покупки основных средств, календарный 2025): Amazon 131,8 + Alphabet 91,4 + Meta 69,7 + Microsoft 83,1 = $376 млрд. С финансовой арендой Microsoft (~$25 млрд по XBRL) — около $401 млрд. В заметках рисёрча $410 млрд собрано через Microsoft FY26 ($115,9 млрд, июль 2025 – июнь 2026), то есть смешаны фискальный и календарный годы. Для текста надёжнее «около $400 млрд». пересчёт — у агента пересчётов"
05-07,05,Рост капзатрат Big-4 в 2026 году к 2025-му,80,76-82,% г/г,2026-08,ПРОГНОЗ,проверено,https://finance.yahoo.com/sectors/technology/articles/google-microsoft-meta-amazon-capex-131823436.html,вторичный,up 77% from last year's record $410 billion,"Считали так: 720–745 / 410. Jefferies в апреле насчитал +77% при $725 млрд. Если база $376 млрд (без финансовой аренды), рост получается +91–98%. пересчёт — у агента пересчётов"
05-08,05,Капзатраты Big-4 в 2026 году — доля ВВП США,2.2,2.2-2.3,% ВВП,2026-Q2,ОЦЕНКА,проверено,https://fred.stlouisfed.org/series/GDP,данные,,"Грубая сверка: $720–745 млрд к номинальному ВВП за 2К26 в годовом исчислении ($32,49 трлн) даёт 2,22–2,29%. Сравнение условное: около 30% капзатрат гиперскейлеров приходится на ДЦ за пределами США (J.P. Morgan AM, 02.09.2026), и не все капзатраты идут на AI. пересчёт — у агента пересчётов"
05-09,05,"Инвестиции в оборудование и ПО для обработки информации — доля ВВП, 2К26",4.96,4.96,% ВВП,2026-Q2,ОЦЕНКА,проверено,https://fred.stlouisfed.org/series/A679RC1Q027SBEA,данные,,"Грубая сверка: A679RC1Q027SBEA / GDP = 1611,5 / 32486,1. Обе серии номинальные, в годовом исчислении. пересчёт — у агента пересчётов"
05-10,05,Пик доткомов: инвестиции в оборудование и ПО для обработки информации — доля ВВП (4К2000),4.46,4.46,% ВВП,2000-Q4,ОЦЕНКА,проверено,https://fred.stlouisfed.org/series/A679RC1Q027SBEA,данные,,"Грубая сверка: 465,5 / 10435,7. Это максимум до 2010 года. пересчёт — у агента пересчётов"
05-11,05,Вклад AI-инвестиций в рост реального ВВП США за вычетом импорта железа (J.P. Morgan),20,22,% роста ВВП,2026-09-02,ОЦЕНКА,проверено,https://am.jpmorgan.com/us/en/asset-management/adv/insights/market-insights/market-updates/on-the-minds-of-investors/how-much-of-the-ai-boom-is-adding-to-us-growth/,первоисточник,A proxy for AI-related investment contributed 0.47 percentage points to the 2.1% pace of U.S. real GDP growth over the past year,"Вклад — 0,47 п.п. из 2,1%, в тексте источника — «roughly one-fifth», после вычета импортного железа. Период — «прошлый год» до публикации, границы не названы. Автор — Stephanie Aliaga, J.P. Morgan Asset Management (не банк). Состав прокси не раскрыт. Там же: около 30% капзатрат гиперскейлеров идёт на зарубежные ДЦ."
05-12,05,Вклад AI-категорий в рост реального ВВП США (ФРБ Сент-Луиса),39,39,% роста ВВП,2025-Q3,ОЦЕНКА,проверено,https://www.stlouisfed.org/on-the-economy/2026/jan/tracking-ai-contribution-gdp-growth,первоисточник,"Through the third quarter of 2025, these categories made up 39% (36% excluding data centers) of total GDP growth versus 28% in 2000.","Вклад — 0,97 п.п. из 2,51% за первые три квартала 2025 года. Категории: оборудование для обработки информации, ПО, НИОКР, ДЦ. Импорт не вычитается, слово import в тексте не встречается, это валовой вклад. Авторы — Hannah Rubinton, Bontu Ankit Patro, 12.01.2026. С оценкой J.P. Morgan несопоставимо: разные периоды и методика. В тексте нужно назвать и то и другое."
05-13,05,Alphabet: свободный денежный поток во 2К26,-5.9,-5.855,млрд $,2026-Q2,ФАКТ,проверено,https://s206.q4cdn.com/479360582/files/doc_financials/2026/q2/2026q2-alphabet-earnings-release.pdf,первоисточник,"Free cash flow $ 24,461 $ 24,551 $ 10,116 $ (5,855)","Из пресс-релиза: операционный поток $39 069 млн минус покупки основных средств $44 924 млн. Свободный поток — показатель самой компании. Капзатраты за квартал — рекордные $44,9 млрд."
05-14,05,Alphabet: первый отрицательный квартальный свободный денежный поток с IPO 2004 года,первый с IPO 2004,первый с IPO 2004,,2026-07-23,ФАКТ,проверено,https://www.semafor.com/article/07/23/2026/alphabets-free-cash-flow-turns-negative,вторичный,Its free cash flow turned negative for the first time in its 22 years as a public company,"Формулировку «впервые с IPO» дал Semafor, у компании её нет. Своя проверка по SEC XBRL (Google + Alphabet): за 72 квартала с 3К2008 по 2К2026 отрицательный только 2К26. Кварталы 2004–2008 по XBRL не проверялись, годовой поток за 2007 год положительный."
05-15,05,"Облигации Alphabet, Amazon, Meta и Oracle, выпущенные в 2026 году к 20 августа",223,223,млрд $,2026-08-20,ФАКТ,вторичный,https://aiexpert.news/en/ticker/hyperscalers-issue-223b-in-ai-bonds-in-2026-more-than-double-2025-total,вторичный,"Alphabet, Amazon, Meta Platforms and Oracle have issued nearly $223 billion in bonds, as of August 20, according to LSEG.","Первоисточник цифры — CNBC 20.08.2026 по данным LSEG (https://www.cnbc.com/2026/08/20/wall-street-loves-these-high-yielding-ai-bonds-what-income-investors-should-know-.html); CNBC отдаёт 403, LSEG платный. В плане «гиперскейлеры», но это четыре компании, среди них Oracle; Microsoft нет. Сверка: Reuters/BNP Paribas — около $220 млрд к 10.08.2026 у пяти компаний, включая Microsoft."
05-16,05,Облигации 2026 года — больше чем вдвое против всего 2025 года,2,2.06,раз,2026-07-29,ФАКТ,проверено,https://www.investing.com/news/stock-market-news/hyperscaler-debt-binge-pushes-yields-up-as-investor-demand-cools-4820617,вторичный,"issued about $194 billion of bonds in 2026 through July 7, up 79% from roughly $108 billion in all of 2025","Reuters по данным LSEG: база 2025 года для тех же четырёх компаний — около $108 млрд, 223 / 108 ≈ 2,06. У Reuters/BNP в выборке пять компаний: около $70 млрд за 2025 год, то есть рост примерно втрое."
05-17,05,Meta Hyperion: отношение долга к активам у SPV (Beignet Investor LLC),90,90,%,2026-09-04,ФАКТ,проверено,https://www.brookings.edu/wp-content/uploads/2026/09/4c_Van-Nieuwerburgh.pdf,первоисточник,debt-to-asset ratio of about 90 percent,"SPV привлекла $27 млрд долга (10.2025) под проект примерно на $30 млрд. Доходность 6,58%, DSCR 1,12×. Доли: 80% у фондов Blue Owl, 20% у Meta. Гарантия остаточной стоимости от Meta — на 16 лет. Автор — Stijn Van Nieuwerburgh, черновик для Brookings Papers on Economic Activity (04.09.2026); это позиция автора, а не Brookings. Там же оценка Moody's: ~$970 млрд лизинговых обязательств гиперскейлеров, ~$660 млрд ещё не на балансе."
05-18,05,"Строительство датацентров в США — объём работ в годовом исчислении (июль 2026, предварительно)",75,75.2,млрд $ в год (SAAR),2026-07,ФАКТ,проверено,https://www.census.gov/construction/c30/xlsx/privsatime.xlsx,данные,,"Грубая сверка по файлу Census C30 (столбец Data center): Jul-26p = 75 166 млн. Данные предварительные, их пересматривают. IT-оборудование сюда не входит. пересчёт — у агента пересчётов"
05-19,05,Строительство датацентров в США в 2014 году,1.6,1.6,млрд $ в год (SAAR),2014-01,ФАКТ,проверено,https://www.census.gov/construction/c30/xlsx/privsatime.xlsx,данные,,"Jan-14 = 1 637 млн (SAAR). Это месяц, а не годовой итог. пересчёт — у агента пересчётов"
05-20,05,Строительство заводов в США: с $247 до $168 млрд в год,247→168,247→167.8,млрд $ в год (SAAR),2026-07,ФАКТ,проверено,https://www.census.gov/construction/c30/xlsx/privsatime.xlsx,данные,,"$247,0 млрд — июль 2024, $167,8 млрд — июль 2026 (предварительно). Пик ряда — $249,1 млрд в сентябре 2024. В тексте лучше писать «с пика в $249 млрд» или указать месяцы. пересчёт — у агента пересчётов"
05-21,05,"Пять гиперскейлеров (Amazon, Google, Meta, Microsoft, Oracle) — доля мировых AI-вычислений, 4К2025",71,71,% мировых AI-вычислений (H100e),2025-Q4,ОЦЕНКА,проверено,https://epoch.ai/data-insights/hyperscalers-control-most-compute,первоисточник,"Amazon, Google, Meta, Microsoft, and Oracle collectively hold an estimated 71% of the world's cumulative AI compute as of Q4 2025","Это оценка Epoch (публикация 14.04.2026, CC BY 4.0), а в плане стоит ФАКТ. Мера — накопленные вычисления в эквиваленте H100, а не ГВт: в тексте писать «вычислительных мощностей», чтобы не спутать с электрическими. пересчёт — у агента пересчётов"
05-22,05,"Доля пяти гиперскейлеров в мировых AI-вычислениях, 1К2024",63,63,% мировых AI-вычислений (H100e),2024-Q1,ОЦЕНКА,проверено,https://epoch.ai/data-insights/hyperscalers-control-most-compute,первоисточник,up from 63% in Q1 2024,Тот же материал Epoch. пересчёт — у агента пересчётов
05-23,05,"Число разработчиков, обучивших модели на 10^25 FLOP и больше",12,14,разработчиков (не меньше),2026-09-26,ОЦЕНКА,устарело,https://epoch.ai/data/all_ai_models.csv,данные,we have identified over 30 publicly announced AI models from 12 different AI developers,"«12» — из материала Epoch по состоянию на июнь 2025 (https://epoch.ai/data-insights/models-over-1e25-flop). Свежая база Epoch (обновлена 26.09.2026): 24 модели с числовой оценкой ≥1e25 FLOP от 14 организаций. Среди них OpenAI, xAI, Anthropic, Meta, Google DeepMind, Nvidia, Alibaba, ByteDance, Huawei, Moonshot, Meituan, Cursor, Inflection, Saudi Aramco. Это нижняя граница: модели без опубликованной оценки (например, часть Gemini и Claude) не попали. Подсчёт наш, по CSV Epoch (CC BY)."
05-24,05,Доля Nvidia в индексе S&P 500,8,7.7-8,% индекса,2026-09-03,ФАКТ,проверено,https://www.benzinga.com/markets/equities/26/09/61594124/nvidia-8-percent-sp-500-grip-jensen-huang-making-history-commentator,вторичный,"Nvidia accounts for roughly 8% of the S&P 500's total market cap, outweighing five of the index's 11 sectors combined.","Benzinga ссылается на The Kobeissi Letter, капитализация $5,41 трлн, считали по полной капитализации. Индексный вес с учётом free float — 7,71% (https://www.slickcharts.com/sp500, ~28.09.2026). «Около 8%» верно; вес меняется каждый день."
05-25,05,Первая крупная площадка ДЦ в округе даёт 100–200 рабочих мест (Brookings),100-200,100-200,рабочих мест на округ,2026-08-10,ОЦЕНКА,проверено,https://www.brookings.edu/articles/new-evidence-on-data-center-employment-effects/,первоисточник,"At a typical treated county, these estimates imply roughly 100-200 jobs, depending on facility type.","Bahar & Wright, публикация 04.05.2026, обновление 10.08.2026. Счёт — за первое десятилетие работы, в секторах обработки данных (+56%) и телекома (+43%, в основном у гиперскейл-площадок). Выборка — около 1 500 ДЦ, данные BLS по округам за 2003–2024. Это эконометрическая оценка, а в плане стоит ФАКТ."
05-26,05,Зарплаты в округе после открытия ДЦ не меняются (Brookings),без изменений,без изменений,,2026-08-10,ОЦЕНКА,проверено,https://www.brookings.edu/articles/new-evidence-on-data-center-employment-effects/,первоисточник,"Wages were unchanged, and we find a modest increase in home prices of 2%-5%.",
05-27,05,Цены на жильё в округе после открытия ДЦ растут на 2–5% (Brookings),2-5,2-5,%,2026-08-10,ОЦЕНКА,проверено,https://www.brookings.edu/articles/new-evidence-on-data-center-employment-effects/,первоисточник,we find a modest increase in home prices of 2%-5%,"Речь о ценах на дома, не об аренде."
05-28,05,"Meta Hyperion (Ричленд, Луизиана): строителей на пике",5000,7500,человек,2026-07-13,ПРОГНОЗ,устарело,https://www.opportunitylouisiana.gov/news/meta-commits-more-than-50-billion-for-north-louisiana-project-becoming-one-of-the-largest-data-centers-in-history,первоисточник,"7,500 construction jobs at peak construction","5 000 — из объявления 04.12.2024 (проект на $10 млрд). 13.07.2026 проект расширили до более чем $50 млрд, пик стройки теперь 7 500 человек. Цифры плановые — от штата и компании."
05-29,05,Meta Hyperion: постоянных рабочих мест,500-1500,1000,рабочих мест,2026-07-13,ПРОГНОЗ,устарело,https://www.opportunitylouisiana.gov/news/meta-commits-more-than-50-billion-for-north-louisiana-project-becoming-one-of-the-largest-data-centers-in-history,первоисточник,"approximately 1,000 operational jobs","В 2024 году было «500 or more direct» плюс «more than 1,000 indirect», итого 1 500 вместе с косвенными. Диапазон «500–1 500» в плане смешивает прямые и косвенные места. Сейчас около 1 000 прямых и 1 900 косвенных (итого 2 900), к 2036 году. Для текста: около 7 500 строителей против ~1 000 постоянных мест на проект в $50+ млрд."
05-30,05,Субсидии на одно постоянное рабочее место в ДЦ (Good Jobs First),до 2,1.95,млн $ на место,2016-10-11,ОЦЕНКА,исправлено,https://goodjobsfirst.org/study-state-and-local-governments-pay-2-million-job-tech-giants-data-centers/,первоисточник,$1.95 million per job,"$1,95 млн — среднее по 11 мегасделкам (Google, Microsoft, Facebook, Apple, AWS), исследование 2016 года. Это не потолок, поэтому «до ~$2 млн» неверно: правильно «в среднем около $2 млн». Свежее: льгота Вирджинии за FY2025 — $1,94 млрд, около $1,2 млн на каждое новое место за один год (Good Jobs First, 20.02.2026)."
05-31,05,Строительной отрасли США в 2026 году нужно привлечь 349 тыс. новых работников (ABC),349,349,тыс. человек,2026-01-15,ОЦЕНКА,проверено,https://www.globenewswire.com/news-release/2026/01/15/3219391/0/en/abc-construction-industry-must-attract-349-000-workers-in-2026-despite-macroeconomic-headwinds.html,первоисточник,"The construction industry needs to attract an estimated 349,000 net new workers in 2026 to meet demand for construction services.","Это чистый прирост сверх обычного найма по всей строительной отрасли США, не только в ДЦ. «До» в формулировке ABC нет. Пресс-релиз ABC, копия на GlobeNewswire (abc.org отдаёт 403)."
05-32,05,Узкое место стройки — электрики (ABC),электрики,электрики,,2026-05-19,ОЦЕНКА,проверено,https://www.datacenterdynamics.com/en/analysis/construction-worker-shortage-us-data-center/,вторичный,"Skilled trades workers, particularly electricians, are a huge constraint at the moment","Слова Анирбана Басу, главного экономиста ABC. В пресс-релизе ABC тоже есть: спрос на электриков вырос из-за стройки ДЦ."
05-33,05,"Занятость в хостинге и обработке данных в США, ноябрь 2022 (FRED CES5051800001)",483,483.0,тыс. человек,2022-11,ФАКТ,проверено,https://fred.stlouisfed.org/series/CES5051800001,данные,,"Грубая сверка по CSV FRED. Пик ряда — 489,2 тыс. в августе 2023, так что «с 483» — не максимум. NAICS 518 после 2022 года — Computing Infrastructure Providers, Data Processing, Web Hosting; оговорка о классификации в плане уместна. пересчёт — у агента пересчётов"
05-34,05,"Занятость в хостинге и обработке данных в США, август 2026",453,453.3,тыс. человек,2026-08,ФАКТ,проверено,https://fred.stlouisfed.org/series/CES5051800001,данные,,"Август 2026 — предварительные данные, в июле было 461,0. Падение за один месяц на 7,7 тыс. могут пересмотреть. пересчёт — у агента пересчётов"
05s-01,05s,Anthropic: годовой темп выручки (run-rate),65,100,млрд $ в год (run-rate),2026-09-18,ОЦЕНКА,устарело,https://www.axios.com/2026/09/18/anthropic-100-billion-revenue,вторичный,"Anthropic is now pacing to generate more than $100 billion in annual revenue, up 50% from just two months ago","$65 млрд — это конец июля (Bloomberg через TechCrunch, 17.08.2026), с тех пор вышли данные новее. NYT 18.09.2026 (через Axios): темп выше $100 млрд. Но Bloomberg и Gulf News передают ту же новость как прогноз «>$100 млрд к концу 2026». Для текста: «более $65 млрд на конец июля, по сентябрьским данным NYT — около $100 млрд». Компания официальных цифр не публикует; run-rate — это экстраполяция."
05s-02,05s,OpenAI: годовой темп выручки (run-rate),40,40,млрд $ в год (run-rate),2026-08-13,ОЦЕНКА,вторичный,https://www.pymnts.com/news/artificial-intelligence/2026/openais-revenue-run-rate-tops-40-billion-as-ipo-nears/,вторичный,"OpenAI is now on pace to bring in annualized revenue of more than $40 billion, roughly double its run rate from the end of 2025.","Первоисточник — Bloomberg (13.08.2026, https://www.bloomberg.com/news/articles/2026-08-13/openai-s-revenue-run-rate-tops-40-billion-ahead-of-ipo), он закрыт (robots) и опирается на осведомлённых лиц. Пересказы: PYMNTS («on pace»), Yahoo Finance («headed toward»); формулировки расходятся — «около $40 млрд». Более свежих цифр к 28.09.2026 не нашли. На конец 2025 года было более $20 млрд; выручка за 2025 год — $13,07 млрд при чистом убытке $38,5 млрд (там же). Bloomberg предупреждает, что OpenAI и Anthropic могут считать run-rate по-разному."
05s-03,05s,Суммарный годовой темп выручки Anthropic и OpenAI,105,105-140,млрд $ в год,2026-09,ОЦЕНКА,устарело,https://www.axios.com/2026/09/18/anthropic-100-billion-revenue,вторичный,,Сумма строк 05s-01 и 05s-02: 65 + 40 = 105 (июль–август) или около 100 + 40 = 140 по сентябрьскому темпу Anthropic. Соотношение с капзатратами Big-4 (~$730 млрд) — примерно 7:1 или 5:1.
05s-04,05s,Капзатраты Big-4 за один 2026 год,730,720-745,млрд $,2026-08-18,ПРОГНОЗ,проверено,https://www.tmtfinance.com/intel/2026-hyperscaler-capex-tops-us700bn-analysis,вторичный,has climbed to US$720bn-745bn following the latest earnings calls,"Середина диапазона из 05-01. Это ПРОГНОЗ, а не факт."
05s-05,05s,"Выручка в год, необходимая к 2032 году, чтобы окупить стройку (Brookings)",3.7,3.725,трлн $ в год,2026-09-04,ОЦЕНКА,проверено,https://www.brookings.edu/wp-content/uploads/2026/09/4c_Van-Nieuwerburgh.pdf,первоисточник,this corresponds to mature annual revenue of approximately $3.725 trillion by 2032,"Автор — Stijn Van Nieuwerburgh, черновик для Brookings Papers on Economic Activity от 04.09.2026, а не позиция Brookings; в тексте называть автора. Допущения: 182,7 ГВт вводов за 2025–2032, $10,3 трлн вложений, доходность 10% без долга, маржа денежного потока 50%. IT — 68% затрат со сроком 6 лет, здания и энергетика — 32% со сроком 20 лет."
05s-06,05s,"То же, если GPU служат 3 года, а не 6",6,6.0,трлн $ в год,2026-09-04,ОЦЕНКА,проверено,https://www.brookings.edu/wp-content/uploads/2026/09/4c_Van-Nieuwerburgh.pdf,первоисточник,mature annual required revenue rises from $3.7 trillion to about $6.0 trillion,"В оригинале срок меняют у всей IT-части капитала, не только у GPU."
05s-07,05s,"Nvidia — OpenAI: письмо о намерениях, инвестиции до $100 млрд по мере развёртывания 10 ГВт",100,100,млрд $,2025-09-22,ФАКТ,проверено,https://nvidianews.nvidia.com/news/openai-and-nvidia-announce-strategic-partnership-to-deploy-10gw-of-nvidia-systems,первоисточник,NVIDIA intends to invest up to $100 billion in OpenAI as the new NVIDIA systems are deployed.,"Письмо о намерениях, не обязывающее. К январю 2026 года сделка встала (FT)."
05s-08,05s,Nvidia вместо $100 млрд вложила $30 млрд в капитал OpenAI (раунд $110 млрд),,30,млрд $,2026-02-27,ФАКТ,проверено,https://techcrunch.com/2026/02/27/openai-raises-110b-in-one-of-the-largest-private-funding-rounds-in-history/,вторичный,The new funding consists of a $50 billion investment from Amazon as well as $30 billion each from Nvidia and SoftBank,"Замену письма на долю в капитале описал FT (пересказ: Business Standard, 20.02.2026). Раунд закрыт 31.03.2026: $122 млрд, оценка $852 млрд (CNBC/Bloomberg). В плане суммы нет — нужна для круговой схемы."
05s-09,05s,"OpenAI — Oracle: контракт на вычисления на $300 млрд на 5 лет, с 2027 года",,300,млрд $,2025-09-11,ФАКТ,вторичный,https://www.datacenterdynamics.com/en/news/openai-signs-300bn-cloud-deal-with-oracle-report/,вторичный,OpenAI has reportedly agreed to buy compute power worth $300 billion from Oracle in a five-year-deal,"Первоисточник — WSJ (10.09.2025), недоступен. Oracle сумму с OpenAI официально не подтверждала, говорила о «значительных контрактах». Мощность — 4,5 ГВт. По заметкам рисёрча, из портфеля заказов Oracle ($638 млрд) около $300 млрд приходится на OpenAI."
05s-10,05s,Oracle — Nvidia: около 400 тыс. GB200 на ~$40 млрд для Stargate в Абилине,,40,млрд $,2025-05,ФАКТ,вторичный,https://www.datacenterdynamics.com/en/news/oracle-to-spend-40bn-on-nvidia-chips-for-openai-texas-data-center/,вторичный,"Oracle will purchase around 400,000 of Nvidia's GB200s to lease to OpenAI.","Первоисточник — FT (май 2025), недоступен. Круг замыкается так: Nvidia вкладывает в OpenAI, OpenAI платит Oracle, Oracle покупает у Nvidia."
05s-11,05s,GPU экономически устаревают за 3–6 лет,3-6,3-6,лет,2026-09-04,ОЦЕНКА,проверено,https://www.brookings.edu/wp-content/uploads/2026/09/4c_Van-Nieuwerburgh.pdf,первоисточник,GPUs may become economically obsolete within three to six years,"В бухучёте гиперскейлеров серверы списывают за 5–6 лет, критики говорят о 2–3 годах. Сроки компаний в этом проходе не сверялись."
05s-12,05s,"Подстанции, ЛЭП, АЭС и здания служат 25–60 лет",25-60,20-80,лет,2026-09,ОЦЕНКА,исправлено,https://www.nrc.gov/reactors/operating/licensing/renewal.html,первоисточник,,"Диапазон в плане узкий с обеих сторон. Здания ДЦ по бухучёту — 20–25 лет (строка 05s-13), трансформаторы подстанций — 30–40+ (05s-14), ЛЭП — 50–80 (05s-15), лицензия АЭС — 40 лет с продлением до 60 и 80 (05s-16). Предлагаем «от 20 до 80 лет» или разнести по компонентам."
05s-13,05s,Срок службы зданий ДЦ (бухгалтерский),,20-25,лет,2026-07-30,ОЦЕНКА,проверено,https://www.cfodive.com/news/microsoft-holds-line-ai-spending-plans/826648/,вторичный,"Microsoft is extending the estimated ""useful life"" of its data centers and office buildings from 15 to 25 years","Microsoft с начала FY2027 (июль 2026) — 25 лет, раньше было 15. Van Nieuwerburgh (Brookings) закладывает 20 лет для зданий, электрики и охлаждения. Физически здания служат дольше."
05s-14,05s,Срок службы силовых трансформаторов подстанций,,30-40,лет,2012-06,ФАКТ,проверено,https://www.energy.gov/sites/prod/files/Large%20Power%20Transformer%20Study%20-%20June%202012_0.pdf,первоисточник,typically warranted by the manufacturers for approximately 30 to 35 years,"DOE (2012): средний возраст крупных трансформаторов в США — около 40 лет, некоторые работают больше 70."
05s-15,05s,Срок службы ЛЭП,,50-80,лет,2024-09-19,ОЦЕНКА,вторичный,https://sepapower.org/knowledge/the-aging-us-power-grid-navigating-toward-modernization/,вторичный,approaching the end of their 50 to 80-year life cycles,"Фраза SEPA (Smart Electric Power Alliance) — про сетевую инфраструктуру вообще, не только про ЛЭП, источник не указан; первоисточник DOE не нашли. DOE пишет только, что более 70% ЛЭП и трансформаторов старше 25 лет."
05s-16,05s,Срок работы АЭС в США (лицензия NRC),,40-80,лет,2026-09,ФАКТ,проверено,https://www.nrc.gov/reading-rm/doc-collections/fact-sheets/subsequent-license-renewal,первоисточник,licenses for commercial power reactors to operate for up to 40 years. These licenses can be renewed for an additional 20 years at a time.,"Первичная лицензия — до 40 лет, продления — по 20 лет. Первое продление даёт 60 лет, повторное — до 80."
05s-17,05s,Доли капзатрат на AI-ДЦ: IT-оборудование против зданий и энергетики (для мини-графика),,68/32,% затрат,2026-09-04,ОЦЕНКА,проверено,https://www.brookings.edu/wp-content/uploads/2026/09/4c_Van-Nieuwerburgh.pdf,первоисточник,We assumed in Table 2 that IT equipment accounts for 68 percent of total cost.,"Van Nieuwerburgh: IT — 68% затрат со сроком 6 лет, здания, электрика и охлаждение — 32% со сроком 20 лет. Alphabet в 2026 году: ~60% серверы, ~40% ДЦ и сети (строка 05-03). Разбивки по компонентам (подстанция, ЛЭП, АЭС) в источниках нет, для графика «Срок жизни вложенного доллара» её придётся укрупнить."
05s-18,05s,"Железные дороги США 1870–1890: капзатраты в среднем, % ВВП",2.24,2.24,% ВВП,1870-1890,ОЦЕНКА,проверено,https://www.brookings.edu/wp-content/uploads/2026/09/4c_Van-Nieuwerburgh.pdf,первоисточник,"Over 1870–1890, railroad construction investment averaged 2.24 percent of GDP","Расчёт Van Nieuwerburgh (табл. 1 и приложение C) по пересмотренному ряду Gallman в ценах 1860 года (через Rhode, 2002). В заметках рисёрча стоит «Brookings» — правильнее назвать автора."
05s-19,05s,"Железные дороги США: пиковые годы, % ВВП",>4,>4,% ВВП,1870; 1881,ОЦЕНКА,проверено,https://www.brookings.edu/wp-content/uploads/2026/09/4c_Van-Nieuwerburgh.pdf,первоисточник,the annual share exceeded 4 percent in 1870 and 1881,"Пиковые годы — 1870 и 1881, приложение C."
05s-20,05s,"Телеком и оптоволокно 1996–2003: капзатраты в среднем, % ВВП",1.10,1.10,% ВВП,1996-2003,ФАКТ,проверено,https://www.brookings.edu/wp-content/uploads/2026/09/4c_Van-Nieuwerburgh.pdf,первоисточник,investment averaged 1.10 percent of GDP during the 1996–2003 telecom boom and peaked at 1.39 percent in 2000,Расчёт Van Nieuwerburgh по BEA: частные инвестиции в оборудование и сооружения связи к номинальному ВВП.
05s-21,05s,"Телеком: пик в 2000 году, % ВВП",1.39,1.39,% ВВП,2000,ФАКТ,проверено,https://www.brookings.edu/wp-content/uploads/2026/09/4c_Van-Nieuwerburgh.pdf,первоисточник,peaked at 1.39 percent in 2000,
05s-22,05s,"AI 2026: капзатраты, % ВВП (для сравнения с историческими бумами)",2.2,2.2-2.3,% ВВП,2026,ОЦЕНКА,проверено,https://www.brookings.edu/wp-content/uploads/2026/09/4c_Van-Nieuwerburgh.pdf,первоисточник,"The scenario implies $10.3 trillion of investment during 2025–32, equivalent to 3.63 percent of cumulative nominal GDP.","Сравнение хромает. Исторические цифры — средние за 15–20 лет по всей отрасли, а у AI — один год четырёх компаний, причём около 30% вложений за рубежом. В той же таблице Van Nieuwerburgh для AI стоит 3,63% в среднем за 2025–2032 (ПРОГНОЗ, 182,7 ГВт). В подписи графика надо показать это различие. пересчёт — у агента пересчётов"
05s-23,05s,"Оптоволокно начала 2000-х: доля проложенной ёмкости, которую не использовали («тёмное волокно»)",,90-97,% проложенной ёмкости,2002,ОЦЕНКА,спорно,https://www.networkworld.com/article/890098/lan-wan-long-haul-fiber-glut-persists.html,вторичный,"Of the long-haul fiber that goes through Chicago, last year only 3.9% was lit, according to TeleGeography.","Национальной статистики нет, есть только оценки аналитиков того времени, и меряли их по-разному. TeleGeography: в 2002 году горело 3,9% магистрального волокна через Чикаго (Network World, 08.09.2003). Merrill Lynch (M. Ching, июнь 2001): средняя загрузка 2,7%; TeleChoice это оспорил — на 14 из 22 маршрутов спрос ≥70% горящей ёмкости (Light Reading, 19.07.2001). Wired (2004): «около десятой части». Предлагаем «по оценкам аналитиков, горели считаные проценты проложенного волокна» без точного числа."
06-01,06,Стоимость решения задачи фиксированного уровня качества падает в среднем,13,13,раз в год,2026-09-22,ОЦЕНКА,проверено,https://epoch.ai/publications/the-plunging-price-of-thought,первоисточник,,"Единица — $ за вопрос теста, не за токен; диапазон 7–19 по тестам; 75×/год сразу после появления уровня, 4,7×/год через два года"
06-02,06,Самая дешёвая модель уровня GPT-4 на GPQA Diamond: GPT-4 (14.03.2023),37.5,37.5,$ за 1 млн токенов (смешанная 3:1),2023-03-14,ФАКТ,проверено,https://epoch.ai/data/charts/llm-inference-price-trends/lowest_price_models_data.csv,данные,,
06-03,06,Самая дешёвая модель уровня GPT-4 на GPQA Diamond: Phi 4 (13.12.2024),0.1225,0.1225,$ за 1 млн токенов (смешанная 3:1),2024-12-13,ФАКТ,проверено,https://epoch.ai/data/charts/llm-inference-price-trends/lowest_price_models_data.csv,данные,,Падение ~×300 за 21 месяц; данные Epoch до конца 2024
06-04,06,GPT-4 при выходе,30/60,30/60,$ за 1 млн токенов вход/выход,2023-03-14,ФАКТ,проверено,https://openai.com/index/gpt-4-research,первоисточник,,Контекст 8K
06-05,06,GPT-4o при выходе,5/15,5/15,$ за 1 млн токенов вход/выход,2024-05-13,ФАКТ,проверено,https://openai.com/index/hello-gpt-4o/,первоисточник,,
06-06,06,o1 при выходе,15/60,15/60,$ за 1 млн токенов вход/выход,2024-12-17,ФАКТ,проверено,https://developers.openai.com/api/docs/models/o1,первоисточник,,
06-07,06,GPT-4.5 при выходе,75/150,75/150,$ за 1 млн токенов вход/выход,2025-02-27,ФАКТ,проверено,https://developers.openai.com/api/docs/models/gpt-4.5-preview,первоисточник,,Исследовательская версия
06-08,06,GPT-5 при выходе,1.25/10,1.25/10,$ за 1 млн токенов вход/выход,2025-08-07,ФАКТ,проверено,https://openai.com/index/introducing-gpt-5-for-developers/,первоисточник,,
06-09,06,GPT-5.2 при выходе,1.75/14,1.75/14,$ за 1 млн токенов вход/выход,2025-12-11,ФАКТ,проверено,https://openai.com/index/introducing-gpt-5-2/,первоисточник,,
06-10,06,GPT-5.4 при выходе,2.5/15,2.5/15,$ за 1 млн токенов вход/выход,2026-03-05,ФАКТ,проверено,https://openai.com/index/introducing-gpt-5-4/,первоисточник,,
06-11,06,GPT-5.5 при выходе,5/30,5/30,$ за 1 млн токенов вход/выход,2026-04-23,ФАКТ,проверено,https://openai.com/index/introducing-gpt-5-5/,первоисточник,,
06-12,06,GPT-5.6 Sol при выходе,5/30,5/30,$ за 1 млн токенов вход/выход,2026-07-09,ФАКТ,проверено,https://openai.com/index/gpt-5-6/,первоисточник,,С конца августа 2026 — акционная цена $4/$20 минимум до 21.11.2026
06-13,06,GPT-6 Astra при выходе,10/50,10/50,$ за 1 млн токенов вход/выход,2026-09-03,ФАКТ,проверено,https://openai.com/index/gpt-6-astra/,первоисточник,,Сначала ограниченный доступ
06-14,06,GPT-6 Sol при выходе,2/10,2/10,$ за 1 млн токенов вход/выход,2026-09-22,ФАКТ,проверено,https://openai.com/index/introducing-gpt-6-sol-and-luna/,первоисточник,,
06-15,06,Claude 3 Opus при выходе,15/75,15/75,$ за 1 млн токенов вход/выход,2024-03-04,ФАКТ,проверено,https://platform.claude.com/docs/en/about-claude/pricing,первоисточник,,
06-16,06,Claude Opus 4 при выходе,15/75,15/75,$ за 1 млн токенов вход/выход,2025-05-22,ФАКТ,проверено,https://platform.claude.com/docs/en/about-claude/pricing,первоисточник,,
06-17,06,Claude Opus 4.5 при выходе,5/25,5/25,$ за 1 млн токенов вход/выход,2025-11-24,ФАКТ,проверено,https://platform.claude.com/docs/en/about-claude/pricing,первоисточник,,
06-18,06,Claude Mythos Preview,25/125,25/125,$ за 1 млн токенов вход/выход,2026-04-07,ФАКТ,проверено,https://www.anthropic.com/glasswing,первоисточник,,Только участники Project Glasswing
06-19,06,Claude Fable 5 при выходе,10/50,10/50,$ за 1 млн токенов вход/выход,2026-06-09,ФАКТ,проверено,https://www.anthropic.com/news/claude-fable-5-mythos-5,первоисточник,,
06-20,06,Claude Opus 5.5 при выходе,4/20,4/20,$ за 1 млн токенов вход/выход,2026-09-22,ФАКТ,проверено,https://www.anthropic.com/claude-opus-5-5,первоисточник,,
06-21,06,Gemini 2.5 Pro,1.25/10,1.25/10,$ за 1 млн токенов вход/выход,2025-03-25,ФАКТ,проверено,https://ai.google.dev/gemini-api/docs/pricing,первоисточник,,Для запросов до 200K токенов
06-22,06,Gemini 3 Pro при выходе,2/12,2/12,$ за 1 млн токенов вход/выход,2025-11-18,ФАКТ,проверено,https://blog.google/technology/developers/gemini-3-developers/,первоисточник,,Для запросов до 200K токенов; Gemini 3.1 Pro (19.02.2026) — та же цена
06-23,06,ChatGPT Plus,20,20,$ в месяц,2023-02-01,ФАКТ,проверено,https://openai.com/index/chatgpt-plus/,первоисточник,,Цена не менялась на 28.09.2026
06-24,06,ChatGPT Pro,200,200,$ в месяц,2024-12-05,ФАКТ,проверено,https://openai.com/index/introducing-chatgpt-pro/,первоисточник,,
06-25,06,ChatGPT Pro (новый тариф),100,100,$ в месяц,2026-04-09,ФАКТ,проверено,https://techcrunch.com/2026/04/09/chatgpt-pro-plan-100-month-codex/,первоисточник,,
06-26,06,ChatGPT Go,8,8,$ в месяц (США),2026-01-16,ФАКТ,проверено,https://openai.com/index/introducing-chatgpt-go/,первоисточник,,В других странах — местные цены
06-27,06,Пауза новых подписок на ChatGPT Pro $200,,,,2026-09-10,ФАКТ,проверено,https://help.openai.com/en/articles/9793128-about-chatgpt-pro-tiers,первоисточник,,Тариф $100 открыт
06-28,06,Claude Pro,20,20,$ в месяц,2023-09-07,ФАКТ,проверено,https://siliconangle.com/2023/09/07/anthropic-announces-claude-pro-paid-subscription-generative-ai-chatbot/,первоисточник,,
06-29,06,Claude Max,100 и 200,100 и 200,$ в месяц,2025-04-09,ФАКТ,проверено,https://techcrunch.com/2025/04/09/anthropic-rolls-out-a-200-per-month-claude-subscription,первоисточник,,
06-30,06,Google AI Ultra: верхний тариф $250 → $200 и новый тариф $100,200 и 100,200 и 100,$ в месяц,2026-05-19,ФАКТ,проверено,https://blog.google/products-and-platforms/products/google-one/google-ai-subscriptions/,первоисточник,,
06-31,06,Anthropic ужесточила пятичасовые лимиты в часы пик,,,,2026-03-26,ФАКТ,проверено,https://www.theregister.com/2026/03/26/anthropic_tweaks_usage_limits/,первоисточник,,05:00–11:00 PT; ~7% пользователей
06-32,06,Anthropic удвоила пятичасовые лимиты Claude Code после сделки на мощности Colossus 1,>300 МВт; >220 тыс. GPU,>300 МВт; >220 тыс. GPU,,2026-05-06,ФАКТ,проверено,https://www.anthropic.com/news/higher-limits-spacex,первоисточник,,"Colossus 1 — SpaceX; удвоены пятичасовые лимиты Claude Code для Pro, Max, Team и Enterprise"
06-33,06,Рассуждающие модели пишут больше текста,8,8,раз в среднем,2025-04-17,ФАКТ,проверено,https://epoch.ai/data-insights/output-length,первоисточник,,"Рост длины ответов: 5×/год у рассуждающих, 2,2×/год у остальных"
06-34,06,Медиана длины ответа на вопрос GPQA Diamond: обычные / рассуждающие модели,505 / 7662,505 / 7662,токенов,2025-04-17,ОЦЕНКА,проверено,https://epoch.ai/data/charts/output-length/scatter_data.csv,данные,,Наш расчёт медиан по данным Epoch: 78 и 12 моделей
06-35,06,"OpenRouter: средний запрос 1,5 тыс. → 6 тыс. токенов; ответ ~150 → 400",4 и 3,4 и 3,раз,2025-12,ФАКТ,проверено,https://arxiv.org/abs/2601.10088,первоисточник,,Начало 2024 → конец 2025
06-36,06,Разница в цене между моделями 10% соответствует разнице в использовании,0.5–0.7,0.5–0.7,%,2025-12,ОЦЕНКА,проверено,https://arxiv.org/abs/2601.10088,первоисточник,,"Сравнение между моделями, не реакция на снижение цен"
06-37,06,Claude Opus 4.7: новый токенизатор даёт больше токенов на тот же текст,1.0–1.35,1.0–1.35,раза,2026-04-16,ФАКТ,проверено,https://www.anthropic.com/news/claude-opus-4-7,первоисточник,,Цена $5/$25 без изменений
06-38,06,GitHub Copilot перешёл на токенные кредиты при прежних ценах тарифов,,,,2026-06-01,ФАКТ,проверено,https://github.blog/news-insights/company-news/github-copilot-is-moving-to-usage-based-billing/,первоисточник,,
06-39,06,Cursor Pro: 500 запросов → $20 использования по ценам API,225 вместо 250,225 вместо 250,запросов средней длины к Claude Sonnet 4,2025-06-16,ФАКТ,проверено,https://cursor.com/blog/june-2025-pricing,первоисточник,,"Раньше запрос к Sonnet списывал 2 из 500; для более дешёвых моделей запросов теперь больше (550 Gemini, 650 GPT-4.1); пост 16.06.2025, обновлён 04.07.2025"
06-40,06,Google обрабатывает токенов в месяц,3.2,3.2,квадриллиона,2026-05-19,ФАКТ,проверено,https://blog.google/innovation-and-ai/sundar-pichai-io-2026/,первоисточник,,Самоотчёт; ×7 за год; «по всем нашим продуктам»
06-41,06,Валовая маржа OpenAI в 2025 году,33,33,%,2026-02-20,ОЦЕНКА,вторичный,https://the-decoder.com/openai-adds-111-billion-to-its-cash-burn-forecast-as-ai-costs-spiral-beyond-projections/,вторичный,,"Утечка: The Information в пересказе. The Information, документы для инвесторов; цель 46%"
06-42,06,Валовая маржа Anthropic в 2025 году (прогноз),40,40,%,2026-01-22,ОЦЕНКА,вторичный,https://www.investing.com/news/stock-market-news/anthropic-trims-profit-margin-outlook-as-ai-operating-costs-rise--the-information-4459316,вторичный,,Утечка: The Information в пересказе. The Information; на 10 п.п. ниже прежнего прогноза
07-01,07,ChinaTalk: удалённый доступ Китая к зарубежным площадкам,1,1.026,млн H100e,2026-04-07,ОЦЕНКА,проверено,https://www.chinatalk.media/p/how-many-chips-does-china-have,первоисточник,"a median estimate of roughly 1,026,000 H100e, with high variability","Автор — Aqib Zakaria; Монте-Карло; 90%-интервал по таблице автора 0,6–1,8 млн. Это использование, не расположение и не владение"
07-02,07,"ChinaTalk: всего вычислений у Китая, включая удалённый доступ",,2.8 (1.8-4.8),млн H100e,2026-04-07,ОЦЕНКА,проверено,https://www.chinatalk.media/p/how-many-chips-does-china-have,первоисточник,"about 2.8 million H100e, with 90% confidence in a range of 1.8 million H100e to 4.8 million H100e","Вход для синтеза. Без удалённого доступа: легальный импорт 0,46 + контрабанда 0,45 + своё производство 0,90 = ~1,82 млн — почти совпадает с Epoch (1,82). Автор: точность — «в пределах порядка»"
07-03,07,MIIT: «интеллектуальные» вычисления Китая на 30.06.2026,2185,2185,EFLOPS (FP16),2026-06-30,ФАКТ,проверено,https://www.news.cn/tech/20260720/63025e398f234092b9876272271417fb/c.html,первоисточник,截至6月底，智能算力规模达2185EFLOPS（FP16），同比增长177%,"Озвучено на пресс-конференции Госсовета (国新办) 20.07.2026, Се Цунь (MIIT). Синьхуа. Точность FP16 указана; плотная или с разреженностью — нет (см. 07-06)"
07-04,07,MIIT: рост «интеллектуальных» вычислений за год,177,177,% г/г,2026-06-30,ФАКТ,проверено,https://www.news.cn/tech/20260720/63025e398f234092b9876272271417fb/c.html,первоисточник,同比增长177%,"База — 788 EFLOPS на 30.06.2025 (C114, MIIT). Ряд нерегулярен: 725 (конец 2024) → 788 (сер. 2025) → 1 590 (конец 2025) → 2 185; удвоение во 2П25 при +9% в 1П25 — возможна смена учёта"
07-05,07,MIIT: «интеллектуальные» вычисления на конец 2025,,1590,EFLOPS,2025-12-31,ФАКТ,проверено,https://www.news.cn/fortune/20260123/d66bdc56d7084fdd93e2b8dcfc9e1f5a/c.html,первоисточник,我国智能算力规模超过1590 EFLOPS,"Нет в плане, но нужно для сведения на одну дату с Epoch (конец 2025): 1 590 EFLOPS FP16 ≈ 0,8–1,6 млн H100e. Пресс-конференция 21.01.2026"
07-06,07,MIIT: цель по «интеллектуальным» вычислениям к 2030,9800,9800,EFLOPS,2030,ПРОГНОЗ,проверено,https://www.news.cn/fortune/20260907/def9a4d503584f3698586a89db9755a1/c.html,первоисточник,智能算力规模达9800EFLOPS（每秒百亿亿次浮点运算）,"«План развития отрасли ИКТ на 15-ю пятилетку» MIIT от 07.09.2026 (miit.gov.cn); там же 3,8 трлн юаней инвестиций. China Daily 15.09.2026 привязывает к конференции в Ланфане — первично 07.09. Точность в тексте не указана. Тег в плане — ФАКТ, по сути ПРОГНОЗ (цель)"
07-07,07,Точность цифр MIIT: плотная или с разреженностью,FP16; проверить (разница ×2),FP16; плотная/разреженная не указано,,2026-03,ФАКТ,не подтверждено,https://www.caict.ac.cn/kxyj/qwfb/bps/202603/P020260306392232241580.pdf,первоисточник,采用主流的半精度浮点算力数（FP16）计算能力来衡量算力性能,"Методика CAICT (институт при MIIT): сумма отгрузок AI-серверов за 6 лет × средняя пиковая мощность; про разреженность ни MIIT, ни CAICT не пишут. То есть «официальная» линия по сути тоже поток чипов, а не учёт площадок"
07-08,07,Пересчёт MIIT в H100e (2185 EFLOPS FP16),,1.1-2.2,млн H100e,2026-06-30,ОЦЕНКА,спорно,https://www.news.cn/tech/20260720/63025e398f234092b9876272271417fb/c.html,первоисточник,,"Наш расчёт: H100 FP16 плотная 989 TFLOPS → 2,21 млн; если MIIT считает с разреженностью (1 979) → 1,10 млн. Грубо: у Ascend/H20 соотношение FP16 и FP8 иное"
07-09,07,"Epoch: вычисления Китая на конец 2025 (все источники, медиана)",1.8,1.817,млн H100e,2025-12-31,ОЦЕНКА,проверено,https://epoch.ai/data/ai_chip_owners_cumulative_by_designer.csv,данные,China cumulative Nvidia through Q4 2025 … China (official) cumulative Huawei … China (smuggled) Nvidia total cumulative through Q4 2025,"Сумма медиан: Nvidia легально 0,402 + Huawei 0,708 + Cambricon 0,035 + AMD 0,011 + контрабанда 0,662. Без контрабанды 1,155. Оценки от 15.04.2026; на странице Epoch контрабанда — «спекулятивная», по умолчанию выключена. Доли — пересчёт — у агента пересчётов. CC BY"
07-10,07,Epoch: контрабанда чипов в Китай до конца 2025,0.29-1.59,0.29-1.59,млн H100e,2025-12-31,ОЦЕНКА,проверено,https://epoch.ai/publications/chip-smuggling,первоисточник,"between 290,000 and 1.6 million H100-equivalents (H100e) were smuggled to China through 2025","Медиана 0,66 млн; публикация 29.04.2026; в CSV 5-й/95-й перцентили 0,294/1,592"
07-11,07,Доля контрабанды в мощностях Китая,20-60,20-58,%,2025-12-31,ОЦЕНКА,проверено,https://epoch.ai/publications/chip-smuggling,первоисточник,roughly a third of China's total compute,"Наш расчёт по Epoch: 0,29/1,45 = 20%, 1,59/2,75 = 58%; медиана 36%. Epoch: на верхней границе контрабанда — большинство"
07-12,07,Выпуск Huawei Ascend в 2025,0.2-1,≤0.2 / до 1,млн чипов / кристаллов,2025,ОЦЕНКА,спорно,https://www.scmp.com/tech/tech-war/article/3314356/huaweis-ai-semiconductor-output-limited-200000-2025-us-commerce-official-says,вторичный,"at or below 200,000","Минторг США (Дж. Кесслер, слушания 13.06.2025): ≤200 тыс. Ascend. Bloomberg 30.09.2025: до 1 млн кристаллов в 2025, до 1,6 млн в 2026; ~600 тыс. 910C в 2026. Единицы разные: чипы против кристаллов (в 910C два кристалла)"
07-13,07,SemiAnalysis: мощность всех ЦОД Китая к концу 2026,>24,>24,ГВт,2026-12-31,ОЦЕНКА,проверено,https://newsletter.semianalysis.com/p/the-chinese-ai-infrastructure-boom,первоисточник,China alone boasts a fleet of over 24GW. Bigger than EMEA. Bigger than the rest of Asia.,"Публикация 25.09.2026, частично платная. Все ЦОД, не только AI; IT или полная мощность — в открытой части не сказано. Без ~20 ГВт проектов с датами и ~30 ГВт объявленных. 1 000+ объектов, 60+ игроков"
07-14,07,SemiAnalysis: мощность ЦОД США к концу 2026,56,56,ГВт,2026-12-31,ОЦЕНКА,проверено,https://newsletter.semianalysis.com/p/the-chinese-ai-infrastructure-boom,первоисточник,The US leads the world with 56GW of capacity as of 2026YE,"Там же: Азия без Китая ~15 ГВт, EMEA ~14 ГВт, Латинская Америка ~2 ГВт"
07-15,07,Потребление электричества ЦОД Китая в 2024,100,100,ТВт·ч,2024,ОЦЕНКА,проверено,https://www.iea.org/reports/energy-and-ai/energy-demand-from-ai,первоисточник,In China it increases by around 175 TWh (up 170%),"IEA, «Energy and AI» (апр. 2025): +175 ТВт·ч = +170% к 2030 → база ~103 ТВт·ч, базовый сценарий IEA ~280 ТВт·ч к 2030. Цифра 100 ТВт·ч прямо — Carbon Brief со ссылкой на IEA"
07-16,07,Официальный прогноз потребления ЦОД Китая к 2030,400,400,ТВт·ч,2030,ПРОГНОЗ,вторичный,https://www.carbonbrief.org/explainer-how-china-is-managing-the-rising-energy-demand-from-data-centres,вторичный,rising to 400TWh (3.7%) by 2030,"Carbon Brief (16.04.2025) ссылается на доклад Госсовета 2021 г. и на Центр исследований развития при Госсовете; первоисточник не открыт. Для сравнения: IEA ~280, Goldman Sachs ~600 ТВт·ч"
07-17,07,Alibaba: капзатраты в квартале апрель–июнь 2026,,67.7,млрд юаней,2026-Q2,ФАКТ,проверено,https://www.sec.gov/Archives/edgar/data/1577552/000110465926099220/tm2623667d1_ex99-1.htm,первоисточник,"capital expenditures were RMB67,678 million (US$9,975 million), an increase of 75%","Квартал 1-й фискального 2027 г. В 1К26 — 26,9 млрд юаней; за фискальный 2026 (апр. 2025 – март 2026) — 126,1 млрд ($18,3 млрд)"
07-18,07,Tencent: капзатраты во 2К26,,52.8,млрд юаней,2026-Q2,ФАКТ,проверено,https://www.prnewswire.com/apac/news-releases/tencent-announces-2026-second-quarter-results-302849608.html,первоисточник,"Capital expenditure was RMB52.8 billion, up 176% YoY.","1К26 — 31,9 млрд юаней; 1П26 — 84,7 млрд"
07-19,07,ByteDance: план капзатрат на 2026,,>200,млрд юаней (~$30 млрд),2026-05-09,ОЦЕНКА,вторичный,https://www.scmp.com/tech/article/3352906/bytedance-raises-2026-capex-least-25-amid-ai-boom-rising-memory-costs-sources-say,вторичный,more than 200 billion yuan (US$30 billion),SCMP со ссылкой на двух источников; компания частная и не отчитывается. Прежний план — 160 млрд юаней
07-20,07,Alibaba + Tencent + ByteDance: капзатраты в год на троих,95,83-101,млрд $,2026,ОЦЕНКА,спорно,https://www.sec.gov/Archives/edgar/data/1577552/000110465926099220/tm2623667d1_ex99-1.htm,первоисточник,,"Наш расчёт по курсу 6,785: темп 2К26 × 4 → Alibaba 39,9 + Tencent 31,1 + ByteDance 30 = ~101; 1П26 × 2 → 27,9 + 25,0 + 30 = ~83. $95 млрд — у верхней границы; писать «$80–100 млрд»"
07-21,07,Пятёрка США: капзатраты 2026,660-690,720-745,млрд $,2026-08-18,ПРОГНОЗ,устарело,https://www.tmtfinance.com/intel/2026-hyperscaler-capex-tops-us700bn-analysis,вторичный,Total for top four: US$720bn–US$745bn,"660–690 — прогнозы компаний на февраль 2026 (Amazon, Alphabet, Microsoft, Meta, Oracle; Futurum 12.02.2026). После 2К26 одна четвёрка — 720–745 (Alphabet 195–205, Amazon ~220, Microsoft ~175, Meta 130–145). Oracle на фин. 2027 — ~$70 млрд нетто ($95 млрд брутто) → пятёрка ≈ $790–840 млрд. Разрыв с китайской тройкой — ~8–9 раз вместо ~7"
07-22,07,"Epoch, хаб ЦОД: площадок в Китае",4,4,площадки,2026-09-27,ОЦЕНКА,проверено,https://epoch.ai/data/ai-data-centers,данные,VNET Bayin Ulanqab; Huawei Horinger; Huawei Wuhu; Alibaba Zhangbei,"data_centers.csv (выгрузка 27.09.2026). Три площадки на Ascend 910C, одна на H20. CC BY"
07-23,07,"Epoch, хаб ЦОД: H100e на площадках в Китае",0.32,0.320,млн H100e,2026-09-27,ОЦЕНКА,проверено,https://epoch.ai/data/ai-data-centers,данные,,"Сумма «Current H100 equivalents» по 4 площадкам; 2,3% от 14,02 млн по всему хабу"
07-24,07,Epoch: охват хабом ЦОД Китая,9-31,9-31,%,2026-09-16,ОЦЕНКА,проверено,https://epoch.ai/latest/scaling-ai-data-centers-research,первоисточник,"Our coverage of Chinese data centers is relatively low, at 9-31%",Там же: весь хаб охватывает ~44% мировых AI-вычислений (86 ЦОД)
07-25,07,Знаменатель мировой доли: сумма по владельцам чипов (Epoch),20.9,20.93,млн H100e,2025-12-31,ОЦЕНКА,проверено,https://epoch.ai/data/ai_chip_owners_cumulative_by_designer.csv,данные,,"Сумма медиан на 4К25 по всем владельцам, включая «Other» и контрабанду. пересчёт — у агента пересчётов"
07-26,07,Знаменатель мировой доли: хаб с поправкой на охват,~32,31.9,млн H100e,2026-09,ОЦЕНКА,спорно,https://epoch.ai/latest/scaling-ai-data-centers-research,данные,our research covers an estimated 44% of global AI compute,"Наш расчёт: 14,02 млн (хаб, текущие значения на сентябрь 2026) / 0,44 = 31,9. Даты разные: владельцы — конец 2025, хаб — сентябрь 2026; часть разрыва 20,9 против 32 — просто 9 месяцев роста, а не разница методов"
07-27,07,"Синтез: вычисления Китая, пять способов",1-3.6 (центр ~2),1-3.6 (центр ~2),млн H100e,2025-12/2026-09,ОЦЕНКА,спорно,,,,"Наш синтез, входы поддерживают: MIIT 1,1–2,2 (сер. 2026); Epoch 1,45–2,75 (конец 2025); ChinaTalk ~1,8 в стране + 1,0 удалённо (апр. 2026); спутник 0,32/0,31…0,32/0,09 = 1,03–3,56. Границы 1–3,6 — это ровно экстраполяция спутника. Линии на разные даты (до +37% за полгода по MIIT)"
07-28,07,Синтез: доля Китая в мировых AI-вычислениях,6-10,6-10,%,2025-12/2026-09,ОЦЕНКА,спорно,,,,"Арифметика сходится только для центра: 2/32 = 6,3%, 2/20,9 = 9,6%; Epoch по владельцам — 8,7% (5,5% без контрабанды). По всему диапазону 1–3,6 и двум знаменателям — 3–17%. пересчёт — у агента пересчётов"
07-29,07,Мощность на H100e: США против Китая (хаб Epoch),0.94 / 2.28,0.94 / 2.28,кВт на H100e,2026-09-27,ОЦЕНКА,проверено,https://epoch.ai/data/ai-data-centers,данные,,"пересчёт — у агента пересчётов. Быстрая сверка по data_centers.csv сходится (0,936 и 2,282; отношение ~2,4). Китай — 4 площадки при охвате 9–31%; мощность — полная мощность объекта (Current power)"
07-30,07,1 ГВт в H100e: США и Китай,1.06 / 0.44,1.06 / 0.44,млн H100e на ГВт,2026-09-27,ОЦЕНКА,проверено,https://epoch.ai/data/ai-data-centers,данные,,"пересчёт — у агента пересчётов. Обратные величины к 0,94 и 2,28 кВт"
07-31,07,Разрешения Минторга США на экспорт чипов G42 (ОАЭ) и Humain (Саудовская Аравия),35000,35000,GB300-экв. каждой,2025-11-19,ФАКТ,проверено,https://www.commerce.gov/news/press-releases/2025/11/statement-uae-and-saudi-chip-exports,первоисточник,"Both companies are receiving approvals to purchase the equivalent of up to 35,000 Nvidia Blackwell chips (GB300s).","«Эквивалент» — по вычислениям, не штуки. Формулировка Минторга двусмысленна; Bloomberg: «each company» — всего до 70 тыс."
07-32,07,Stargate UAE: 1 ГВт — первая фаза кампуса на 5 ГВт,1 / 5,1 / 5,ГВт,2025-05-22,ФАКТ,проверено,https://www.g42.ai/resources/news/global-tech-alliance-launches-stargate-uae,первоисточник,"Stargate UAE, a 1-gigawatt compute cluster … The first 200-megawatt AI cluster is expected to go live in 2026.","У самого Stargate UAE первая очередь — 200 МВт (The National, 12.2025: завершение в 3К26). Кампус UAE–US: 5 ГВт, 10 кв. миль"
07-33,07,Epoch: работающие H100e на Stargate UAE,0,0,H100e,2026-09-27,ОЦЕНКА,проверено,https://epoch.ai/data/ai-data-centers,данные,,"По графику Epoch здания 1–2 заработают к 01.12.2026: 280 МВт, ~0,25 млн H100e"
07-34,07,ОАЭ переделывают AI-кампус под защищённые площадки после атак и угроз Ирана,,,,2026-09-11,ФАКТ,проверено,https://www.al-monitor.com/originals/2026/09/exclusive-uae-revises-ai-data-center-plan-after-iranian-attacks-sources-say,вторичный,a network of data centers spread across the UAE,"Эксклюзив Reuters (перепечатка Al-Monitor), анонимные источники. Stargate UAE (1 ГВт) продолжают с защитными доработками, остальное из 5 ГВт рассредоточат; под землёй, «внутри гор», ПВО. Поводы — удары в марте 2026 и ролик ВС Ирана (апр. 2026) со Stargate как целью. G42 не подтвердила прямо"
07-35,07,Удары дронов в марте 2026 повредили ЦОД AWS в ОАЭ и Бахрейне,,3,ЦОД,2026-03-03,ФАКТ,проверено,https://www.datacenterdynamics.com/en/news/amazon-confirms-two-uae-data-centers-hit-by-drone-strikes-third-in-bahrain-damaged/,вторичный,"These strikes have caused structural damage, disrupted power delivery to our infrastructure","Заявление AWS: два ЦОД в ОАЭ (ME-CENTRAL-1) — прямые попадания, в Бахрейне (ME-SOUTH-1) — удар рядом"
07-36,07,AWS не восстановила сервис в Бахрейне и ОАЭ спустя полгода,полгода,не восстановит,,2026-09-15,ФАКТ,проверено,https://www.insurancejournal.com/news/international/2026/09/16/885283.htm,вторичный,exhausted every option for restoring data and resources that had not been migrated before the Bahrain region became unavailable,"Сильнее, чем в плане: AWS заявила, что не может восстановить регион Бахрейн и зону mec1-az2 в ОАЭ; не перенесённые данные клиентов потеряны. Reuters, CNBC 15.09.2026 (у нас не открылся, 403)"
07-37,07,"ЕС, отчётность по директиве об энергоэффективности: установленная IT-мощность",6.4,6.4,ГВт,2026-04-17,ФАКТ,вторичный,https://www.datacenterdynamics.com/en/news/european-commission-releases-aggregate-eed-data-center-data-operators-report-64gw-of-installed-capacity-across-the-eu/,вторичный,6.4GW of installed IT power demand across the bloc,"DCD по дашборду Еврокомиссии (дашборд не открывается): 776 ЦОД, 16,7 ТВт·ч, PUE 1,36, данные за 2023–2024. Это IT-мощность"
07-38,07,ЕС: отчитались только 18 стран,18,18 / 21,стран,2026-09-21,ФАКТ,спорно,https://energy.ec.europa.eu/document/download/8a87a5fe-0260-462a-b165-09f1496d1aa0_en?filename=COM_2026_500_1_EN_ACT_part1_v4.pdf,первоисточник,"770 data centres reported their data in the first reporting period, representing around 36% of the estimated total","DCD (апр. 2026): данные от 18 стран. Доклад Еврокомиссии COM(2026) 500 от 21.09.2026: «шесть стран сообщили о нуле ЦОД, пять — менее чем о трёх», т. е. хоть что-то прислала 21. Сильнее для текста: отчиталось ~36% обязанных ЦОД; 16,7 ТВт·ч против 68 ТВт·ч всех ЦОД ЕС в 2024"
07-39,07,ЕС: публикуются только агрегаты,,,,2026-09-21,ФАКТ,проверено,https://www.datacenterdynamics.com/en/news/european-commission-releases-aggregate-eed-data-center-data-operators-report-64gw-of-installed-capacity-across-the-eu/,вторичный,,DCD: только агрегированный дашборд; доклад Еврокомиссии: данные обезличены (без компаний и адресов)
07-40,07,ЕС: конкурс AI-гигафабрик — число площадок,7,до 7,площадок,2026-07-30,ФАКТ,проверено,https://www.eurohpc-ju.europa.eu/eurohpc-joint-undertaking-launches-ai-gigafactories-call-2026-07-30_en,первоисточник,up to seven AI Gigafactories,Старт конкурса 30.07.2026; ожидаемые частные инвестиции >€20 млрд
07-41,07,ЕС: срок заявок на AI-гигафабрики,2026-11-12,2026-11-12,дата,2026-07-30,ФАКТ,проверено,https://www.eurohpc-ju.europa.eu/eurohpc-joint-undertaking-launches-ai-gigafactories-call-2026-07-30_en,первоисточник,12 November 2026,
07-42,07,Индия: мощность ЦОД на середину 2026,1.6,1.6,ГВт,2026-06,ОЦЕНКА,проверено,https://www.jll.com/en-in/insights/market-dynamics/india-data-centers,первоисточник,India's data centre capacity is set to triple from 1.6 GW in mid-2026 to 6 GW by 2029,"JLL, 31.08.2026 — оценка консультанта, а не статистика: тег ОЦЕНКА вместо ФАКТ. Прогноз 6 ГВт к 2029"
07-43,07,Индия: GPU по госпрограмме IndiaAI,38000,>38000,GPU,2026-03-25,ФАКТ,проверено,https://www.pib.gov.in/PressReleasePage.aspx?PRID=2245069&reg=3&lang=1,первоисточник,more than 38 thousand GPUs for common compute facility have been onboarded through the AI compute portal,"Это GPU частных провайдеров, подключённые к порталу с госсубсидией, а не госсобственность. Точная цифра 38 231 — во вторичных"
07-44,07,Малайзия (Джохор): H100e в хабе Epoch — крупнейший объём вне США,0.65,0.649,млн H100e,2026-09-27,ОЦЕНКА,проверено,https://epoch.ai/data/ai-data-centers,данные,,"Две площадки DayOne: Kempas 0,368 и Nusajaya 0,282; 4,6% отслеживаемого, больше Китая (0,32)"
07-45,07,Малайзия: мощности частично работают на китайских клиентов,вероятно,,,2026-09-27,ОЦЕНКА,не подтверждено,https://epoch.ai/data/ai-data-centers/directory/dayone-nusajaya,данные,Alibaba and ByteDance are training AI models in southeast Asia,"У Epoch поля «владелец» и «пользователи» для обеих площадок пусты; есть только ссылка на FT про обучение моделей Alibaba и ByteDance в Юго-Восточной Азии. Писать «возможно», без привязки к конкретным ЦОД"
07-46,07,Корея: 260 тыс. GPU к 2030,260000 (госплан),260000 (страна: правительство + 4 компании),GPU,2025-10-31,ФАКТ,исправлено,https://nvidianews.nvidia.com/news/south-korea-ai-infrastructure,первоисточник,"Up to 50,000 of the latest NVIDIA GPUs to accelerate sovereign AI development","Не госплан, а партнёрство Nvidia с Кореей (саммит АТЭС): правительство — до 50 тыс., Samsung, SK и Hyundai — по 50 тыс., Naver — 60 тыс. Срок 2030 — Korea Herald; у Nvidia — «в ближайшие годы»"
07-47,07,Корея: уже поставлено GPU,13000,"13000 (закуплено), 4336 (первая партия)",GPU,2026-02-19,ФАКТ,исправлено,https://www.koreaherald.com/article/10678398,вторичный,,"Korea Herald 19.02.2026: правительство закупило 13 тыс. (бюджет 2025), ещё 15 тыс. ожидается в 2026; 10 тыс. распределяют поэтапно, первая партия — 4 336 (2 296 H200 + 2 040 B200). «Закуплено», не «поставлено»"
07-48,07,SoftBank: облако на GB200 NVL72 с октября 2026,2026-10,2026-10,дата запуска,2026-05-25,ФАКТ,проверено,https://www.softbank.jp/en/corp/news/press/sbkk/2026/20260525_01/,первоисточник,as part of its neocloud business in October 2026,Бета — с 25.05.2026; ЦОД в Японии; число GPU не раскрыто
07-49,07,Россия: мощность коммерческих ЦОД на конец 2024,842,841.5,МВт,2024-12-31,ОЦЕНКА,вторичный,https://tadviser.com/index.php/Article:Data_Center_(Russian_Market)_Commercial_Data_Centers,вторичный,from 448.4 MW in 2020 to 841.5 MW in 2024,"iKS-Consulting в пересказе TAdviser. Сходится с ICT.Moscow (01.10.2025): +18% до 990,6 МВт в 2025 (прогноз). Минэнерго (янв. 2026, sber.pro): все ЦОД без майнинга — ~1,7 ГВт"
07-50,07,Россия: достоверных публичных оценок AI-мощностей нет,,,,2026-09-28,ОЦЕНКА,проверено,https://sber.pro/publication/data-tsentri-mogut-vdvoe-narastit-moschnosti-pod-zadachi-ai-k-2030-godu/,вторичный,,"Нашлись только общая мощность ЦОД и прогноз спроса Минэнерго (2–2,5 ГВт к 2030); оценок в H100e или EFLOPS нет. Утверждение держится"
08-01,08,Epoch: суммарная мощность отслеживаемых AI-площадок по объявленным планам к концу 2028,48,48.4,ГВт (полная мощность объектов = IT × PUE),2028-12-31,ПРОГНОЗ,проверено,https://epoch.ai/data/ai-data-centers,данные,Total facility power = IT power x peak PUE,"Наш расчёт по выгрузке хаба Epoch (обновл. 24.09.2026, CC BY): последняя запись каждой из 93 площадок на 31.12.2028. IT-мощность — 37,0 ГВт. Сейчас 17,3 ГВт (73 площадки с ненулевой мощностью). США — 42,8 ГВт из 48,4 (88%). После 2028 в базе почти нет прироста (48,8 ГВт к концу 2030) — это горизонт анонсов, а не остановка роста"
08-02,08,Epoch: покрытие хабом мировых развёрнутых AI-вычислений,44,44,%,2026-09-28,ОЦЕНКА,проверено,https://epoch.ai/data/data-centers-documentation/methodology,первоисточник,"we estimate this database's coverage of global deployed AI computing capacity to be 44% as of September 27, 2026 (90% CI: 23% to 81%)","Это доля вычислений (H100e) по базе продаж чипов на сегодня, а не доля мощности и не на 2028 год. Сверка по мощности: на конец 2025 хаб — 8,3 ГВт против ~30 ГВт мира у Epoch (≈28%), то есть покрытие по мощности, вероятно, ниже 44%"
08-03,08,Epoch: 90% доверительный интервал покрытия хаба,23-81,23-81,%,2026-09-28,ОЦЕНКА,проверено,https://epoch.ai/data/data-centers-documentation/methodology,первоисточник,(90% CI: 23% to 81%),"Страница хаба датирует ту же оценку 28.09.2026, методика — 27.09.2026"
08-04,08,"Пересчёт планов Epoch на весь мир к концу 2028 (48,4 ГВт / покрытие)",,110,ГВт,2028-12-31,ОЦЕНКА,проверено,https://epoch.ai/data/ai-data-centers,данные,,"Наш расчёт: 48,4 / 0,44 ≈ 110 ГВт; при ДИ покрытия 23–81% — 60–210 ГВт. Допущения: покрытие 2028 = покрытию сегодня и доля по мощности = доле по вычислениям (оба спорные, см. 08-02). Подписывать как наш синтез"
08-05,08,Epoch: мировая мощность AI-датацентров в 4К2025,,30,"ГВт (полная мощность, TDP чипов × ~2,5)",2026-01-16,ОЦЕНКА,проверено,https://epoch.ai/data-insights/ai-datacenter-power,первоисточник,Total AI data center power capacity reached approximately 30 GW in the last quarter of 2025,"Новая опорная точка для слоя «наивный тренд»: мировая база, а не только отслеживаемые площадки. Множитель ~2,5× к TDP чипов учитывает серверы, охлаждение и инфраструктуру"
08-06,08,Рост мощности отслеживаемых площадок Epoch: конец 2023 → 2024 → 2025 → сент. 2026,,0.43 / 2.4 / 8.3 / 17.3,ГВт,2026-09-28,ОЦЕНКА,проверено,https://epoch.ai/data/ai-data-centers,данные,,"Наш расчёт по выгрузке. Для «наивного тренда» осторожно: в базе только сегодняшние 93 крупные площадки, поэтому ранние годы занижены и рост завышен (эффект отбора)"
08-07,08,Рекорд IT-мощности одной AI-площадки удваивается каждые ~10 месяцев (с середины 2024),10,10,месяцев на удвоение,2026-09-04,ОЦЕНКА,проверено,https://epoch.ai/data-insights/frontier-data-center-power,первоисточник,"Since mid-2024, the record for the largest AI data center by IT power capacity has doubled every ten months.","Тренд по IT-мощности, не по полной мощности объекта. В тексте блока 08 этой цифры нет, она из заметок рисёрча (раздел 4)"
08-08,08,Текущий рекордсмен — xAI/SpaceX Colossus 2,946,946,МВт IT-мощности,2026-06-15,ОЦЕНКА,проверено,https://epoch.ai/data-insights/frontier-data-center-power,первоисточник,"The current record-holder is xAI's Colossus 2, at an estimated 950 MW (as of June 15, 2026).","В статье округлено до ~950 МВт, в данных — 946 МВт IT. Полная мощность объекта — 1 276 МВт. По плану в базе — 1 531 МВт IT (2 065 МВт полной) к 25.02.2027"
08-09,08,"Будущий рекорд: ~2,3 ГВт к маю 2028",Colossus 2 → ~2.3 ГВт к маю 2028,2263,МВт IT-мощности (Microsoft Fairwater Wisconsin),2028-05-13,ПРОГНОЗ,исправлено,https://epoch.ai/data-insights/frontier-data-center-power,первоисточник,"Microsoft Fairwater Wisconsin is projected to reach 2,263 MW by May 13, 2028","Значение из заметок рисёрча. Это не Colossus 2, а Fairwater Wisconsin (полная мощность — 2 715 МВт). Продолжение тренда «×2 за 10 мес.» от 950 МВт дало бы ~4,7 ГВт к маю 2028: объявленные планы вдвое ниже тренда (наш расчёт)"
08-10,08,"IEA: потребление всех ДЦ мира в 2030, Base Case",945,945,ТВт·ч,2026-04-16,ПРОГНОЗ,проверено,https://iea.blob.core.windows.net/assets/3179f7f8-01f6-4dd6-bffa-c9f7b73f1dc9/KeyQuestionsonEnergyandAI.pdf,первоисточник,data centre electricity consumption roughly doubling from 485 TWh in 2025 to 950 TWh in 2030,Доклад «Key Questions on Energy and AI» (16.04.2026). В тексте округлено до ≈950. Точное 945 — в «Energy and AI» (10.04.2025) и в разборе данных 2026 года у IIR. Факт 2025 — 485 ТВт·ч
08-11,08,"IEA: потребление всех ДЦ мира в 2030, сценарий Headwinds (нижний)",833,833,ТВт·ч,2026-04-16,ПРОГНОЗ,вторичный,https://www.industrialinfo.com/news/article/iea-data-centers-pose-challenge-to-global-power-industry--356703,вторичный,Electricity use by data centers rising to 833 TWh globally in 2030 and 942 TWh in 2035.,"В открытом тексте IEA числа нет. Набор данных IEA к докладу открывается только после входа. IIR, 23.04.2026. На графике подписать сценарий"
08-12,08,"IEA: потребление всех ДЦ мира в 2030, сценарий Lift-Off (верхний)",1008,1008,ТВт·ч,2026-04-16,ПРОГНОЗ,вторичный,https://www.industrialinfo.com/news/article/iea-data-centers-pose-challenge-to-global-power-industry--356703,вторичный,"Electricity use reaches 1,008 TWh in 2030 and 1,637 TWh in 2035.","Как 08-11. К 2030 разброс сценариев IEA узкий (−12%…+7% к базе), расходятся они к 2035"
08-13,08,"IEA: потребление всех ДЦ мира в 2030, сценарий High Efficiency",,868,ТВт·ч,2026-04-16,ПРОГНОЗ,вторичный,https://www.industrialinfo.com/news/article/iea-data-centers-pose-challenge-to-global-power-industry--356703,вторичный,"Worldwide electricity use by data centers hits 868 TWh in 2030 and 1,013 TWh in 2035.",В плане пропущен. Полный веер IEA на 2030: 833 / 868 / 945 / 1 008
08-14,08,IEA: потребление AI-ориентированных ДЦ в 2030,465,465,ТВт·ч,2026-04-16,ПРОГНОЗ,проверено,https://iea.blob.core.windows.net/assets/3179f7f8-01f6-4dd6-bffa-c9f7b73f1dc9/KeyQuestionsonEnergyandAI.pdf,первоисточник,"In the Base Case, the electricity consumption of these AI-focused data centres increases by more than threefold to 2030, reaching around 465 TWh","Это Base Case IEA, а не пессимистичный сценарий. AI-ориентированные ДЦ — площадки с большим числом серверов с ускорителями; учитывается потребление всего объекта"
08-15,08,465 ТВт·ч в пересчёте на среднюю нагрузку,53,53.1,ГВт средней нагрузки,2026-04-16,ОЦЕНКА,проверено,https://iea.blob.core.windows.net/assets/3179f7f8-01f6-4dd6-bffa-c9f7b73f1dc9/KeyQuestionsonEnergyandAI.pdf,первоисточник,,"Наш расчёт: 465 000 ГВт·ч / 8 760 ч. Переход к мощности 70–90 ГВт подразумевает коэффициент загрузки 59–76%. IEA публикует коэффициент загрузки в наборе данных, но он закрыт логином"
08-16,08,"Коридор 2030, «медленный»: мировая мощность AI-ДЦ",70-90,70-90,ГВт,2026-09-28,ОЦЕНКА,проверено,https://iea.blob.core.windows.net/assets/3179f7f8-01f6-4dd6-bffa-c9f7b73f1dc9/KeyQuestionsonEnergyandAI.pdf,первоисточник,,"Наш синтез. Сходится с IEA при загрузке 59–76%. Оговорка: нижняя граница опирается на базовый сценарий IEA и лежит ниже «сдержанного» сценария McKinsey (~109 ГВт, 08-19)"
08-17,08,"Коридор 2030, «базовый»: мировая мощность AI-ДЦ",110-160,110-160,ГВт,2026-09-28,ОЦЕНКА,проверено,https://epoch.ai/blog/power-demands-of-frontier-ai-training,первоисточник,,"Наш синтез. Опоры: EPRI+Epoch >100 ГВт (нижняя граница, 08-23), McKinsey 155–156 ГВт (08-18), пересчёт планов Epoch на мир ~110 ГВт уже к концу 2028 (08-04)"
08-18,08,"McKinsey: спрос на мощность AI-датацентров в мире к 2030, базовый сценарий",156,155,ГВт,2026-06-30,ПРОГНОЗ,устарело,https://www.mckinsey.com/mgi/our-research/colocation-data-centers-the-infrastructure-race-behind-ai,первоисточник,AI-related demand is expected to grow 3.5 times from about 44 gigawatts to 155 gigawatts,"Отчёт 28.04.2025 («The cost of compute»): 156 ГВт = 31 + 125 ГВт прироста за 2025–2030. Обновление MGI от 30.06.2026: итог почти тот же, но база 2025 поднята до 44 ГВт, рост ×3,5 вместо ×5. Все ДЦ: ~82 → ~220 ГВт. Метрика — спрос на мощность, а не построенная мощность"
08-19,08,McKinsey: «сдержанный» сценарий — прирост AI-мощности 2025–2030,,78,ГВт прироста,2025-04-28,ПРОГНОЗ,проверено,https://www.mckinsey.com/industries/technology-media-and-telecommunications/our-insights/the-cost-of-compute-a-7-trillion-dollar-race-to-scale-data-centers,первоисточник,"78 incremental GW added in the next five years, the total capital expenditure is $3.7 trillion","Всего ≈109 ГВт (31 + 78, наш расчёт). Это выше «медленного» коридора плана (70–90)"
08-20,08,McKinsey: ускоренный сценарий — AI-мощность 2030,230+,205,ГВт прироста за 2025–2030,2025-04-28,ПРОГНОЗ,исправлено,https://www.mckinsey.com/industries/technology-media-and-telecommunications/our-insights/the-cost-of-compute-a-7-trillion-dollar-race-to-scale-data-centers,первоисточник,205 incremental GW of AI-related data center capacity is added between 2025 and 2030. This would require an estimated $7.9 trillion,"McKinsey называет прирост 205 ГВт, а не итог. Итог ≈236 ГВт (31 + 205) — наш расчёт, подписывать так. В обновлении MGI 2026 ускоренный сценарий не пересчитан"
08-21,08,"Коридор 2030, «быстрый»: мировая мощность AI-ДЦ",230+,236,ГВт,2026-09-28,ОЦЕНКА,проверено,https://www.mckinsey.com/industries/technology-media-and-telecommunications/our-insights/the-cost-of-compute-a-7-trillion-dollar-race-to-scale-data-centers,первоисточник,,Наш синтез: 31 + 205 ГВт из ускоренного сценария McKinsey (апр. 2025). Для сравнения: пересчёт планов Epoch при нижней границе покрытия (23%) даёт ~210 ГВт уже к концу 2028
08-22,08,Goldman Sachs: мощность ДЦ в эксплуатации в мире к концу 2030,122,122,"ГВт (все ДЦ, мощность, а не спрос)",2025-02-04,ПРОГНОЗ,устарело,https://www.goldmansachs.com/insights/articles/ai-to-drive-165-increase-in-data-center-power-demand-by-2030,первоисточник,there will be around 122 GW of data center capacity online by the end of 2030,"В плане только «Goldman Sachs», 122 — из заметок, где записано как «спрос». На деле это мощность в эксплуатации. Там же: рост спроса +165% к 2023 году. Прогноз устарел, свежий — 08-24 и 08-25"
08-23,08,EPRI + Epoch: общая AI-мощность в мире к 2030,>100,>100,ГВт,2025-08-11,ПРОГНОЗ,проверено,https://epoch.ai/blog/power-demands-of-frontier-ai-training,первоисточник,>100 GW of total AI capacity worldwide and >50 GW in the US is plausible by 2030,"Доклад EPRI и Epoch «Scaling Intelligence: The Exponential Growth of AI’s Power Needs». Формулировка «plausible» — это нижняя граница, не точечный прогноз. База США на 2025 в докладе — 5 ГВт (оценка), она уже устарела: отслеживаемые площадки США — 15,2 ГВт сегодня"
08-24,08,Goldman Sachs: мировой спрос ДЦ на электроэнергию в 2030 к уровню 2025,,170,% к 2025,2026-09-01,ПРОГНОЗ,проверено,https://www.goldmansachs.com/insights/goldman-sachs-exchanges/the-outlook-for-data-center-power-demand-as-ai-token-use-grows,первоисточник,we see data center power demand in 2030 up about 170% from 2025 levels,"Подкаст Goldman Sachs Exchanges записан 12.08.2026, опубликован 01.09.2026 (Brian Singer). В начале марта 2026 оценка была +117%. Абсолютное мировое значение в ГВт не названо"
08-25,08,Goldman Sachs: спрос ДЦ США на электроэнергию в 2030,,108,ГВт,2026-09-01,ПРОГНОЗ,проверено,https://www.goldmansachs.com/insights/goldman-sachs-exchanges/the-outlook-for-data-center-power-demand-as-ai-token-use-grows,первоисточник,"That has taken our data center power demand in 2030 up to about 108 gigawatts, up from about 83 gigawatts before.","Только США, все ДЦ (Carly Davenport). Точка для графика «Goldman» — лучше эта, чем 122 ГВт 2025 года"
08-26,08,BNEF: установленная мощность всех ДЦ США в 2030,118,118,ГВт,2026-07-29,ПРОГНОЗ,проверено,https://about.bnef.com/insights/data-centers/six-things-to-know-about-bnefs-new-us-data-center-capacity-outlook/,первоисточник,"BloombergNEF's forecasted 2030 installed US data center capacity is now 118 gigawatts (GW), an upwards revision of 52%","Все ДЦ США, не только AI. +52% к прогнозу декабря 2025. К 2035 — 194 ГВт. Портфель анонсов в США вырос ещё на 101 ГВт с декабря 2025"
08-27,08,EPRI + Epoch: общая AI-мощность в США к 2030,,>50,ГВт,2025-08-11,ПРОГНОЗ,проверено,https://epoch.ai/blog/power-demands-of-frontier-ai-training,первоисточник,>100 GW of total AI capacity worldwide and >50 GW in the US is plausible by 2030,"Отслеживаемые площадки США по планам Epoch дают 42,8 ГВт уже к концу 2028: граница «>50» почти достигнута анонсами"
08-28,08,LBNL (дек. 2024): потребление ДЦ США в 2028,325-580,325-580,ТВт·ч,2024-12-20,ПРОГНОЗ,устарело,https://www.energy.gov/articles/doe-releases-new-report-evaluating-increase-electricity-demand-data-centers,первоисточник,estimates an increase between 325 to 580 TWh by 2028,"В плане только «LBNL», диапазон — из заметок. 6,7–12% электроэнергии США. Заменено обновлением LBNL (июнь 2026): базовый сценарий — 464 ТВт·ч в 2028, см. 08-29"
08-29,08,"LBNL (2025 Update, июнь 2026): потребление ДЦ США в 2030, базовый сценарий",,649,ТВт·ч,2026-06,ПРОГНОЗ,проверено,https://escholarship.org/uc/item/33m6w3x0,первоисточник,"The Reference Case estimate for 2030 data center electricity use is 649 TWh, representing 11.8% of forecasted 2030 U.S. electricity use.","Диапазон неопределённости — 521–843 ТВт·ч. 2024 — 192 ТВт·ч (4,7%), 2028 — 464 ТВт·ч. AI-серверы в 2030 — 55% потребления ДЦ"
08-30,08,LBNL: доля ДЦ в электропотреблении США в 2030,,11.8,% (диапазон 9.5-15.3),2026-06,ПРОГНОЗ,проверено,https://escholarship.org/uc/item/33m6w3x0,первоисточник,"Compounded Uncertainty Range of 521–843 TWh, equal to 9.5–15.3% of total U.S. electricity use in 2030",Совпадает с блоком 04
08-31,08,"LBNL: мощность подключения ДЦ США, необходимая в 2030",,148,ГВт,2026-06,ПРОГНОЗ,проверено,https://escholarship.org/uc/item/33m6w3x0,первоисточник,the Reference Case electricity use projections translate to 148 gigawatts (GW) of interconnection capacity needed to serve data centers in 2030,"Новая точка в ГВт для графика: у LBNL это мощность подключения всех ДЦ США. Для сравнения: BNEF — 118 ГВт установленной мощности, Goldman — 108 ГВт спроса"
08-32,08,Ограничитель HBM: текущий выпуск HBM обеспечивает AI-серверы мощностью до ~25 ГВт в год до 2027,25,25,ГВт AI-серверов в год,2026-04-16,ОЦЕНКА,проверено,https://iea.blob.core.windows.net/assets/3179f7f8-01f6-4dd6-bffa-c9f7b73f1dc9/KeyQuestionsonEnergyandAI.pdf,первоисточник,current high-bandwidth memory production can support a maximum of around 25 GW of AI-ready servers per year through to 2027,"IEA ссылается на оценки аналитиков («Analysts estimate»). По IEA, это «примерно совпадает с темпом прироста в Base Case», поэтому ограничитель срезает только верх веера. Для сравнения, в Base Case к 2030 добавляется ~20 ГВт ускоренных серверов в год"
08-33,08,"GE Vernova: газовые турбины в основном распроданы до 2030, идёт бронирование на 2031",очередь до 2031,2031,год поставки,2026-07-22,ФАКТ,проверено,https://www.gevernova.com/sites/default/files/gev_webcast_transcript_07222026.pdf,первоисточник,"we expect to end the year with at least 125 gigawatts under contract, making us mostly sold out through '30","Звонок по 2К26 (22.07.2026), CEO Scott Strazik. Точнее так: слоты до 2030 почти распроданы; к концу 2026 компания рассчитывает продать больше половины из 30 ГВт слотов 2031 года. Годовой выпуск — 20 ГВт (2026), 24 ГВт (2028), 30 ГВт (2030)"
08-34,08,GE Vernova: газовые турбины под контрактом (заказы + резервирование слотов) на конец 2К26,,116,ГВт,2026-07-22,ФАКТ,проверено,https://www.gevernova.com/sites/default/files/gev_webcast_transcript_07222026.pdf,первоисточник,grow our total gigawatts under contract from 100 to 116 gigawatts sequentially,"Цель к концу 2026 — ≥125 ГВт. Клиенты: ~80% традиционные, ~20% — дата-центры. Пересказ: Utility Dive, 23.07.2026"
08-35,08,Ограничитель «капитал»: капзатраты гиперскейлеров больше операционного денежного потока,капзатраты больше денежного потока,3К26 (прогноз),квартал,2026-06-16,ПРОГНОЗ,исправлено,https://epoch.ai/data-insights/hyperscaler-capex-vs-cash-flow,первоисточник,aggregate cash capex across hyperscalers is on track to overtake operating cash flow around Q3 2026,"Для пяти компаний в сумме это прогноз Epoch, а не факт: отчётности за 3К26 ещё нет. Уже пересекли: Oracle; Amazon — около точки пересечения. По прогнозу: Alphabet — 1К27, Meta — 3К27, Microsoft — 3К28. Операционный поток растёт ~23% в год, капзатраты — ~70%"
08-36,08,ERCOT (Техас): очередь на подключение крупных нагрузок,,>230,ГВт,2026-01,ФАКТ,проверено,https://iea.blob.core.windows.net/assets/3179f7f8-01f6-4dd6-bffa-c9f7b73f1dc9/KeyQuestionsonEnergyandAI.pdf,первоисточник,"By January 2026, it had nearly doubled again to over 230 GW.",Цифра для ограничителя «сети». Цифру пика нагрузки ERCOT (85 ГВт в заметках) здесь не проверяли
08-37,08,Сценарий «Продолжение»: память остаётся дорогой до 2028+,до 2028+,2027 / после 2030,год окончания дефицита,2026-07-11,ПРОГНОЗ,спорно,https://www.tomshardware.com/pc-components/dram/sk-hynix-says-2027-will-be-the-worst-year-for-memory-shortage-forecasts-crunch-to-last-until-2030-ceo-shares-grim-outlook-on-the-day-sk-hynix-gets-listed-on-nasdaq,вторичный,We still forecast that customer demand will remain higher than our supply capacity even beyond 2030.,"CEO SK hynix Kwak Noh-jung (заинтересованная сторона): 2027 — худший год, дефицит после 2030. IDC (02.06.2026): облегчения «не раньше конца 2027». «2028+» лежит между оценками"
08-38,08,"Сценарий «Эффективность», «момент DeepSeek»: падение Nvidia 27.01.2025",,17,% за день; −$589 млрд капитализации,2025-01-27,ФАКТ,проверено,https://www.tomshardware.com/tech-industry/artificial-intelligence/nvidia-loses-usd589-billion-in-market-cap-broad-stock-plunge-triggered-by-deepseek-ai-release,вторичный,This wiped out over $589 billion in market capitalization for the company,"Крупнейшая однодневная потеря капитализации в истории рынка США (Bloomberg, Forbes). В заметке Tom’s Hardware цена упала «почти на 17%» от открытия"
08-39,08,"Сценарий «Кредитный разворот», оптоволокно после бума: оптовые цены на пропускную способность упали",,>90,% за 2–3 года,2002-08-01,ФАКТ,проверено,https://www.lightwaveonline.com/business/market-research/article/16648254/bandwidth-price-collapse-will-it-ever-end,первоисточник,Prices have fallen by more than 90% in only two to three years on most routes.,"Автор — Stephan Beckert, директор по исследованиям TeleGeography. Там же: оптовая ёмкость «на 99% дешевле», чем при постройке сетей 2–3 года назад"
08-40,08,Оптоволокно: аренда канала OC-3 (155 Мбит/с) Нью-Йорк — Лос-Анджелес,,1.8 млн → <0.15 млн,$ в год,2002-04-23,ФАКТ,вторичный,https://www.lightreading.com/business-management/telegeography-issues-bandwidth-report,вторичный,"two years ago, an OC-3 (155 Mbps) circuit between New York and Los Angeles cost $1.8 million per year","В 1К2002 — меньше $150 тыс. (−92%). Между крупными городами США и Европы цены падали ~70% в год три года подряд. Отчёт TeleGeography платный, это пересказ Light Reading"
08-41,08,"Крупнейшее обучение модели: GPT-6 Astra (OpenAI, 03.09.2026)",1e27,1e27,FLOP,2026-09-03,ОЦЕНКА,проверено,https://epoch.ai/data/ai-models,данные,This suggests around 1e27 FLOP (corresponding to ~100k GB200s over 90 days at 25% FP8 MFU).,"Оценка Epoch по железу, уверенность «Likely», ДИ ~5e26–2e27; OpenAI компьют не раскрывала. Единственная модель ≥1e27 в базе Epoch (выгрузка 28.09.2026). У фронтирных моделей с ноября 2025 оценок компьюта в базе нет, поэтому это «крупнейшее из оценённых»"
RE-01,00,Мощность объектов (Power) работающих площадок хаба Epoch на 27.09.2026,17.3,17.27,ГВт,2026-09-27,ФАКТ,проверено,https://epoch.ai/data/ai-data-centers,данные,timeline field 'Power (MW)',"Правило «на дату»: для каждой площадки последняя строка таймлайна с Date<=дата, иначе 0. sum(Power (MW)) = 17 267 МВт; строки после 24.09.2026 (выгрузка) в срез не входят. В тексте страницы Epoch — «17.6 GW of capacity» (это 13,5 ГВт IT плюс 20–50% накладных, а не сумма данных): при цитировании брать 17,3 из данных и так и подписать. Сами значения — оценки Epoch по снимкам и документам; ФАКТ здесь — прямое значение набора. Формула: 01_hub_aggregates.py. Лицензия Epoch — CC BY 4.0."
RE-02,00,Сколько площадок хаба работает на 27.09.2026 (мощность объекта > 0),93,73,площадок,2026-09-27,ФАКТ,исправлено,https://epoch.ai/data/ai-data-centers,данные,93 sites 14.0M H100-equivalents 13.5 GW IT power,"В хабе 93 площадки, но работают 73; 20 строятся (к 31.12.2028 по планам — все 93). В переходе «штаб → бумага» «93 светящиеся площадки» дают 17,3 ГВт только в числе 73 работающих: либо светятся 73, а 20 полые, либо подпись «93 площадки, из них 73 работают»."
RE-03,00,IT-мощность хаба Epoch на 27.09.2026,,13.50,ГВт,2026-09-27,ФАКТ,проверено,https://epoch.ai/data/ai-data-centers,данные,13.5 GW IT power,"Правило «на дату»: для каждой площадки последняя строка таймлайна с Date<=дата, иначе 0. sum(IT power (MW)). 'Current power (MW)' в data_centers.csv = IT-мощность (совпадает у 93/93 площадок), не мощность объекта. Отношение объект/IT = 1,28. В плане этой цифры нет — нужна для подсказки «ГВт мощности и IT-мощность»."
RE-04,00,Мощность объектов хаба по планам к 31.12.2028,48.4,48.38,ГВт,2028-12-31,ПРОГНОЗ,проверено,https://epoch.ai/data/ai-data-centers,данные,timeline field 'Power (MW)',"Правило «на дату»: для каждой площадки последняя строка таймлайна с Date<=дата, иначе 0. Дата 31.12.2028; работают все 93 площадки. Рост к сегодня ×2,80. Строки таймлайна после 24.09.2026 — плановые сроки Epoch, поэтому ПРОГНОЗ. Epoch ведёт только площадки, которые уже строятся, поэтому 2028 недосчитан по построению (см. R2-26). Лицензия Epoch — CC BY 4.0."
RE-05,08,IT-мощность хаба по планам к 31.12.2028,,37.01,ГВт,2028-12-31,ПРОГНОЗ,проверено,https://epoch.ai/data/ai-data-centers,данные,timeline field 'IT power (MW)',"Правило «на дату»: для каждой площадки последняя строка таймлайна с Date<=дата, иначе 0. H100e к той же дате — 65,7 млн (сегодня 14,0 млн). В плане нет, нужна для подписи к «~48 ГВт»."
RE-06,00,"Сетка «1 точка = 100 МВт»: сегодняшние 17,3 ГВт — 173 закрашенные точки",173,172,точек,2026-09-27,ОЦЕНКА,исправлено,https://epoch.ai/data/ai-data-centers,данные,,"17 267 МВт // 100 = 172 точки + 67 МВт остатка (173 — округление вверх, которое план сам запрещает). Правило плана «мощность площадки распределяется по точкам без округления вверх» по каждой площадке отдельно даёт 134 точки + 3 867 МВт остатков (теряется 22% мощности) — округлять нужно итог, а не площадки. К 31.12.2028: 483 точки + 76 МВт, т. е. 311 полых."
RE-07,00,17 ГВт ≈ средняя нагрузка ~14 млн домохозяйств США,14,8.8-11.7,млн домохозяйств,2026-09-27,ОЦЕНКА,исправлено,https://epoch.ai/data/ai-data-centers,данные,the average power consumption of these data centers is typically 60–80% of capacity,"Формула: 17,267 ГВт × 8760 ч × загрузка / 10 359 кВт·ч (EIA 2024). При загрузке 100% — 151 ТВт·ч и 14,6 млн (с 10 791 кВт·ч 2022 г. — 14,0 млн, так получена цифра плана). Но 17,3 ГВт — мощность, а у домохозяйств — средняя нагрузка; Epoch сам даёт загрузку 60–80% → 8,8–11,7 млн. Сравнение «мощность = средняя нагрузка» завышает в 1,25–1,7 раза. Только площадки в США (15,17 ГВт): 12,8 млн при 100%. Формулировка: «если бы работали на полную — как ~15 млн домов; при обычной загрузке — как 9–12 млн». Скрипт 04_coverage_energy.py."
RE-08,00,Среднее годовое потребление электроэнергии бытовым потребителем США,10800,10359,кВт·ч в год,2024,ФАКТ,устарело,https://www.eia.gov/electricity/sales_revenue_price/xls/table_5A.xlsx,данные,U.S. Total 143144185 863.27502,"EIA Table 5A (данные за 2024, формы EIA-861): 863,275 кВт·ч в месяц × 12 = 10 359; 143,1 млн бытовых потребителей. Цифра плана ~10,8 тыс. — EIA FAQ за 2022 (10 791 кВт·ч, https://www.eia.gov/tools/faqs/faq.php?id=97&t=3). Потребитель = счёт (электросчётчик), не строго домохозяйство. Public domain."
RE-09,00,Средняя загрузка AI-ДЦ относительно мощности (для перевода ГВт в среднюю нагрузку),,60-80,% мощности,2026-09-24,ОЦЕНКА,проверено,https://epoch.ai/data/ai-data-centers,первоисточник,the average power consumption of these data centers is typically 60–80% of capacity,"Вспомогательный параметр для R2-07, R2-30, R2-31. Источник — текст страницы хаба Epoch (обновлено 24.09.2026)."
RE-10,07,"Хаб Epoch: IT-мощность на один H100e, США",0.94,0.936,кВт IT на H100e,2026-09-27,ОЦЕНКА,проверено,https://epoch.ai/data/ai-data-centers,данные,"fields 'IT power (MW)', 'H100 equivalents'","Формула: sum(IT power) × 1000 / sum(H100e) по 60 работающим площадкам США, обе величины из одной строки таймлайна каждой площадки на одну дату — дробь честная. Цифра плана — именно IT-мощность; по мощности объекта — 1,199 кВт. Скрипт 02_kw_per_h100e.py."
RE-11,07,"Хаб Epoch: IT-мощность на один H100e, Китай",2.28,2.282,кВт IT на H100e,2026-09-27,ОЦЕНКА,проверено,https://epoch.ai/data/ai-data-centers,данные,"fields 'IT power (MW)', 'H100 equivalents'","4 площадки (VNET Bayin Ulanqab, Huawei Horinger, Huawei Wuhu — Ascend 910C: 1,80–2,06; Alibaba Zhangbei — H20: 5,30). По мощности объекта — 2,646. H100e площадки Epoch выводит из типа и числа чипов, поэтому кВт/H100e — по сути свойство предполагаемого типа чипа, а не измерение."
RE-12,07,"Один и тот же гигаватт в Китае даёт в ~2,4 раза меньше вычислений, чем в США",2.4,2.44,раз,2026-09-27,ОЦЕНКА,спорно,https://epoch.ai/data/ai-data-centers,данные,,"2,28/0,936 = 2,44 по IT-мощности; по мощности объекта 2,21 (у китайских площадок в данных ниже PUE: 1,16 против 1,28). Держится на 4 площадках: без Alibaba Zhangbei (H20) — 1,95 кВт и ×2,08; без любой из площадок на Ascend — ×2,51–2,76. Зависит от даты: 31.12.2025 — ×1,94, 31.12.2027 — ×3,05, 31.12.2028 — ×3,81 (США переходят на новые чипы, китайские площадки в хабе не меняются). Причина в основном в поколении: США на H100 — 1,43 кВт, B200/B300 — 0,83–0,88, TPU v6e/v7 — 0,71; Ascend 910C против H100 — лишь ×1,37. Писать «примерно в 2–2,5 раза, по оценке Epoch для 4 площадок, на 09.2026»."
RE-13,07,"1 ГВт — ~1,06 млн H100e в США",1.06,1.07,млн H100e на ГВт IT,2026-09-27,ОЦЕНКА,исправлено,https://epoch.ai/data/ai-data-centers,данные,,"1/0,936 = 1,068 (1,06 в плане — обращение округлённого 0,94). Главное: это ГВт IT-мощности. На ГВт мощности объекта (в тех же единицах, что 17,3 и 48 ГВт) — 0,83 млн H100e. Для ползунка «Тот же гигаватт» указать, какой гигаватт, или перейти на ГВт объекта: США 0,83, Китай 0,38."
RE-14,07,"1 ГВт — ~0,44 млн H100e в Китае",0.44,0.44,млн H100e на ГВт IT,2026-09-27,ОЦЕНКА,проверено,https://epoch.ai/data/ai-data-centers,данные,,"1/2,282 = 0,438 на ГВт IT; на ГВт мощности объекта — 0,378. Без площадки на H20 — 0,51 на ГВт IT."
RE-15,07,"Хаб Epoch: IT-мощность на один H100e, Малайзия и остальные страны",,0.87,кВт IT на H100e,2026-09-27,ОЦЕНКА,проверено,https://epoch.ai/data/ai-data-centers,данные,,"Малайзия 0,866 (2 площадки DayOne в Джохоре на B300/H100) — эффективнее США; Великобритания 0,71 (TPU v6e), Индонезия 0,85, Норвегия 0,83, Австралия 0,88, Исландия 0,88, Португалия 1,04, Финляндия 1,55 (H100/H200); ОАЭ и Швеция — 0 работающих. По 1 площадке на страну — для графика, но не для выводов о странах. Весь хаб — 0,963."
RE-16,07,"Epoch видит в Китае 4 площадки, 0,32 млн H100e",0.32,0.320,млн H100e,2026-09-27,ФАКТ,проверено,https://epoch.ai/data/ai-data-centers,данные,Country = China,"4 площадки, 848 МВт объекта / 731 МВт IT; 2,3% H100e хаба. Все четыре работают. Лицензия Epoch — CC BY 4.0."
RE-17,07,"Малайзия (Джохор): 0,65 млн H100e — крупнейший объём вне США в хабе",0.65,0.649,млн H100e,2026-09-27,ФАКТ,проверено,https://epoch.ai/data/ai-data-centers,данные,Country = Malaysia,"DayOne Kempas 0,368 + DayOne Nusajaya 0,282; 787 МВт объекта; 4,6% H100e хаба. К 02.10.2026 по плану Epoch — 590 и 662 МВт объекта."
RE-18,07,Stargate UAE: у Epoch 0 работающих H100e,0,0,H100e,2026-09-27,ФАКТ,проверено,https://epoch.ai/data/ai-data-centers,данные,OpenAI Stargate UAE,"Последняя запись до сегодня — 16.11.2025, мощность 0. По плану Epoch к 01.01.2028: 1 000 МВт IT / 1 400 МВт объекта, ~2,0 млн H100e."
RE-19,05,"5 гиперскейлеров (Amazon, Google, Meta, Microsoft, Oracle) владеют 71% мировых AI-мощностей, 4К2025",71,70.9,% H100e,2025-Q4,ОЦЕНКА,проверено,https://epoch.ai/data/ai_chip_owners_cumulative_by_designer.csv,данные,"Amazon, Google, Meta, Microsoft, and Oracle collectively hold an estimated 71% of the world's cumulative AI compute as of Q4 2025","14,36 млн / 20,26 млн H100e — знаменатель без спекулятивной оценки контрабанды в Китай (как на сайте Epoch по умолчанию). С контрабандой (20,93 млн) — 68,6%. Тег в плане ФАКТ → ОЦЕНКА: модель Epoch по продажам чипов. Дата — конец 2025, 1К2026 в наборе неполный. Доли 4К2025 без/с контрабандой: Google 24,9/24,1, Microsoft 16,9/16,3, Amazon 12,1/11,7, Meta 11,4/11,0, Oracle 5,6/5,5. Пик — 72,0% во 2К2025. Цитата — data insight https://epoch.ai/data-insights/hyperscalers-control-most-compute. Скрипт 03_chip_owners.py."
RE-20,05,Доля 5 гиперскейлеров в 1К2024,63,62.6,% H100e,2024-Q1,ОЦЕНКА,проверено,https://epoch.ai/data/ai_chip_owners_cumulative_by_designer.csv,данные,up from 63% in Q1 2024,"1,50 / 2,39 млн H100e без контрабанды; с ней — 61,9%. Epoch: охват данных до 2023 слабее."
RE-21,07,"Мировой знаменатель по владельцам: 20,9 млн H100e",20.9,20.93,млн H100e,2025-Q4,ОЦЕНКА,проверено,https://epoch.ai/data/ai_chip_owners_cumulative_by_designer.csv,данные,Compute estimate in H100e (median),"Сумма медиан по всем владельцам на 31.12.2025, включая «China (smuggled)» 0,66 млн; без неё — 20,26. Несогласованность плана: 71% посчитано на 20,26, а 20,9 и доля Китая 8,7% — на знаменателе с контрабандой. Выбрать один знаменатель на всю страницу."
RE-22,07,~32 млн H100e по хабу с поправкой на охват,32,31.9,млн H100e,2026-09-28,ОЦЕНКА,проверено,https://epoch.ai/data/ai-data-centers,данные,"coverage of global deployed AI computing capacity to be 44% as of September 28, 2026 (90% CI: 23% to 81%)","14,02 / 0,44 = 31,9 (90% ДИ 17,3–60,9). Расхождение с 20,9 во многом из-за дат: 20,9 — конец 2025, 31,9 — сентябрь 2026; по владельцам прирост только за 4К2025 — +4,5 млн H100e. Это не два конкурирующих метода, а две даты — так и подписать."
RE-23,07,"Китай ~1,8 млн H100e на конец 2025, из них контрабанда 0,29–1,59 млн",1.8,1.82,млн H100e,2025-Q4,ОЦЕНКА,проверено,https://epoch.ai/data/ai_chip_owners_cumulative_by_designer.csv,данные,China (smuggled),"Легально 1,155 (Huawei 0,708, Nvidia 0,402, Cambricon 0,035, AMD 0,011) + контрабанда 0,662 (5–95-й перцентили 0,294–1,592). Доля Китая 8,7% от 20,93 (5,5% без контрабанды); от знаменателя без контрабанды легальная доля — 5,7%."
RE-24,08,Охват хаба Epoch: ~44% мировых AI-вычислений (90% ДИ 23–81%),44,44,% H100e,2026-09-28,ОЦЕНКА,проверено,https://epoch.ai/data/ai-data-centers,первоисточник,"we estimate this database's coverage of global deployed AI computing capacity to be 44% as of September 28, 2026 (90% CI: 23% to 81%)","Интервал 23–81%. Цифра динамическая (на сегодня) и в единицах вычислений, не мощности. В 1К2024 охват 22% (11–49%)."
RE-25,08,"Сегодняшние 17,3 ГВт хаба → мировой эквивалент через охват 44%",,39,ГВт,2026-09-28,ОЦЕНКА,проверено,https://epoch.ai/data/ai-data-centers,данные,,"17,27/0,44 = 39,2 (90% ДИ 21,3–75,1); IT: 13,5/0,44 = 30,7 (16,7–58,7). Проверка другим методом: продажи чипов на 4К2025 — TDP ускорителей 13,36 ГВт × 2,5 (метод Epoch) = 33,4 ГВт при 8,28 ГВт хаба на ту же дату, т. е. охват по мощности на конец 2025 ~25%."
RE-26,08,План хаба ~48 ГВт к концу 2028 → мировой эквивалент через охват 44%,,110,ГВт,2028-12-31,ОЦЕНКА,спорно,https://epoch.ai/data/ai-data-centers,данные,,"48,38/0,44 = 110 (90% ДИ 60–210); по IT 37,0/0,44 = 84 (46–161); H100e 65,7/0,44 = 149 млн. Оговорки: охват 44% — на сегодня и по вычислениям, а для 2028 он ниже по построению (Epoch берёт только строящиеся площадки, горизонт 2–3 года) и по мощности ниже, чем по вычислениям (в хабе новые, более экономные чипы). Обе поправки тянут мировой эквивалент вверх, поэтому 110 ГВт — скорее нижняя половина, а интервал 60–210 честнее показывать целиком."
RE-27,08,Epoch: мировая мощность AI-ДЦ ~30 ГВт в 4К2025,30,33.4,ГВт,2025-Q4,ОЦЕНКА,устарело,https://epoch.ai/data/ai_chip_owners_cumulative_by_designer.csv,данные,approximately 30 GW in the last quarter of 2025,"Data insight https://epoch.ai/data-insights/ai-datacenter-power (16.01.2026) — TDP проданных чипов × 2,5. По текущей версии Chip Owners (обновление 12.05.2026) TDP на 4К2025 = 13,36 ГВт → 33,4 ГВт (с контрабандой; без неё 32,5). В плане цифры нет, она в заметках рисёрча — годится как якорь «сегодня» для веера в блоке 08."
RE-28,08,IEA: AI-ориентированные ДЦ ~465 ТВт·ч в 2030 (базовый сценарий),465,465,ТВт·ч,2030,ПРОГНОЗ,проверено,https://iea.blob.core.windows.net/assets/3179f7f8-01f6-4dd6-bffa-c9f7b73f1dc9/KeyQuestionsonEnergyandAI.pdf,первоисточник,"electricity consumption of AI-focused data centres increases by more than threefold to 2030, reaching around 465 TWh by 2030","IEA Key Questions on Energy and AI (2026), рис. 1.5; все ДЦ: 485 ТВт·ч (2025) → ~950 (2030). Лицензия приложений CC BY-NC-SA 4.0."
RE-29,08,465 ТВт·ч ≈ 53 ГВт средней нагрузки,53,53.1,ГВт,2030,ОЦЕНКА,проверено,https://iea.blob.core.windows.net/assets/3179f7f8-01f6-4dd6-bffa-c9f7b73f1dc9/KeyQuestionsonEnergyandAI.pdf,первоисточник,,"465 000 ГВт·ч / 8760 ч = 53,08. В мощности при загрузке 60–80% (Epoch) — 66–89 ГВт: отсюда и медленный коридор 70–90 ГВт. Подписывать, что 53 — средняя нагрузка, а 70–90 — мощность."
RE-30,08,Медленный коридор 2030 — ~70–90 ГВт глобальной мощности AI-ДЦ,70-90,66-89,ГВт,2030,ОЦЕНКА,спорно,https://iea.blob.core.windows.net/assets/3179f7f8-01f6-4dd6-bffa-c9f7b73f1dc9/KeyQuestionsonEnergyandAI.pdf,первоисточник,,"Пересчёт IEA верен (53,1 ГВт / 0,6–0,8). Но нижняя граница веера уже почти достигнута планами: 93 площадки хаба к концу 2028 — 48,4 ГВт (254–339 ТВт·ч в год при загрузке 60–80%, 55–73% от IEA-2030 для всего мира); с поправкой на охват — 110 ГВт (60–210) к концу 2028, что выше медленного коридора 2030. Медленный сценарий = остановка после уже начатых строек; так его и описать или сдвинуть вверх."
RE-31,02,"Контрактные цены конвенциональной DRAM, 3К25",,10-15,% кв/кв,2025-Q3,ПРОГНОЗ,не подтверждено,https://www.trendforce.com/presscenter/news/20250707-12633.html,первоисточник,average contract prices for conventional DRAM are projected to rise by 10% to 15% in 3Q25,"Итог за 3К25 в пресс-релизах TrendForce не найден (отчёт о выручке 26.11.2025 даёт только прогноз на 4К25). С HBM — +15–20%. PC +8–13%, серверная +3–8% (прогноз)."
RE-32,02,"Контрактные цены конвенциональной DRAM, 4К25",45-50,45-50,% кв/кв,2025-Q4,ФАКТ,проверено,https://www.trendforce.com/presscenter/news/20260226-12937.html,первоисточник,Conventional DRAM contract prices rose 45–50% QoQ,Итог (пресс-релиз 26.02.2026). С HBM — +50–55%. История прогноза: 8–13% (24.09.2025) → 18–23% (29.10.2025) → 45–50% (26.11.2025).
RE-33,02,"Контрактные цены конвенциональной DRAM, 1К26",93-98,93-98,% кв/кв,2026-Q1,ФАКТ,проверено,https://www.trendforce.com/presscenter/news/20260601-13070.html,первоисточник,increased by approximately 93% to 98% QoQ,"Итог (01.06.2026). Прогноз был 55–60% (05.01.2026) → 90–95% (02.02.2026). По категориям — только прогноз 02.02.2026: PC >100%, серверная ~90%, мобильная ~90%."
RE-34,02,"Контрактные цены конвенциональной DRAM, 2К26",,58-63,% кв/кв,2026-Q2,ПРОГНОЗ,не подтверждено,https://www.trendforce.com/presscenter/news/20260601-13070.html,первоисточник,expected ... to rise another 58–63% QoQ in 2Q26,"Прогноз 31.03.2026, подтверждён 01.06.2026. Итог не опубликован: релиз о выручке 07.09.2026 (https://www.trendforce.com/presscenter/news/20260907-13219.html) пишет только о «sharp rises». Заголовок Electronics Weekly «Q2 DRAM contract price up 59.5%» путает цену с ростом выручки отрасли (+59,5%) — не использовать."
RE-35,02,"Контрактные цены конвенциональной DRAM, 3К26",,13-18,% кв/кв,2026-Q3,ПРОГНОЗ,проверено,https://www.trendforce.com/presscenter/news/20260907-13219.html,первоисточник,"Conventional DRAM contract price growth, however, is projected to moderate to 13–18% QoQ","Прогноз от 03.07.2026 (https://www.trendforce.com/presscenter/news/20260703-13134.html), повторён 07.09.2026. Серверная DRAM — тоже +13–18% (09.07.2026)."
RE-36,02,"Контрактные цены DRAM, прогноз на 4К26",,,% кв/кв,2026-Q4,ПРОГНОЗ,не подтверждено,https://www.trendforce.com/research/download/RP260924PL,первоисточник,AI Server Demand Continues to Support 4Q26 DRAM Price Hikes,Отчёт TrendForce от 24.09.2026 платный; публичной цифры в пресс-релизах на 28.09.2026 нет — только направление (рост).
RE-37,02,Цепной индекс контрактных цен DRAM: «по цепочке с 3К25 — примерно ×5»,5,5.0-5.7,раз,2026-Q3,ОЦЕНКА,исправлено,https://www.trendforce.com/presscenter/news/20260907-13219.html,первоисточник,,"Формула: Π(1+Δq), нижняя/средняя/верхняя граница. От уровня 3К25 до 3К26 (4К25, 1К26, 2К26, 3К26): ×5,00 / ×5,35 / ×5,71 — ×5 верно, но только как нижняя граница и только если 2 из 4 шагов — прогнозы. Подтверждённые итоги (4К25+1К26): ×2,80–2,97. До 2К26: ×4,42–4,84. От 2К25 (с ростом 3К25): ×5,50–6,57. Формулировка: «с лета 2025 до осени 2026 — примерно ×5, из них ×2,9 подтверждено итогами, остальное — прогноз TrendForce» (ОЦЕНКА / ПРОГНОЗ). Скрипт 05_dram_chain.py."
RE-38,02,Раздельные цепочки PC и серверной DRAM,,,,2026-Q3,ОЦЕНКА,не подтверждено,https://www.trendforce.com/presscenter/news/20260202-12911.html,первоисточник,,"Не построить по пресс-релизам: для 4К25 и 2К26 цифр по категориям нет. Известно: 3К25 PC +8–13%, серверная +3–8% (прогноз); 1К26 PC >100%, серверная ~90% (прогноз 02.02.2026); 3К26 серверная +13–18% (прогноз)."
RU1-01,05,"Инвестиции в оборудование и ПО для обработки информации, доля номинального ВВП США, 2К26",4.96,4.96,% ВВП,2026-Q2,ОЦЕНКА,проверено,https://fred.stlouisfed.org/series/A679RC1Q027SBEA,данные,Private fixed investment in information processing equipment and software: 1611.520 bn $ SAAR (Q2 2026),"Формула: A679RC1Q027SBEA / GDP × 100 = 1611,52 / 32486,07. A679RC = Y034RC (оборудование, 794,9) + B985RC (ПО, 816,6) — тождество проверено. План ряды не смешивал. Вторая оценка BEA (26.08.2026); третья оценка 2К26 — 30.09.2026, возможен пересмотр. Строка плана: блок 05 «Капзатраты»."
RU1-02,05,"Пик доткомов для того же ряда (оборудование + ПО для обработки информации), % ВВП",4.46,4.46,% ВВП,2000-Q4,ОЦЕНКА,проверено,https://fred.stlouisfed.org/series/A679RC1Q027SBEA,данные,465.497 bn $ SAAR (Q4 2000) / GDP 10435.744,Максимум 1999–2001 — 2000Q4; ряд впервые превысил этот пик в 2025Q3 (4.49%). Строка плана: блок 05 «Капзатраты».
RU1-03,05,"Только оборудование для обработки информации (без ПО), % ВВП: 2К26 против пика доткомов",,2.45 (пик 2.91 в 2000Q4),% ВВП,2026-Q2,ОЦЕНКА,проверено,https://fred.stlouisfed.org/series/Y034RC1Q027SBEA,данные,Information Processing Equipment: 794.890 bn $ SAAR (Q2 2026),"Доп. строка к R1-01/R1-02: без ПО рекорда нет — оборудование на 0,46 п. п. ниже пика 2000 года. «Выше пика доткомов» держится на ПО, доля которого растёт десятилетиями (выше пика 2000 г. с 2009 г.). Предложение для текста: указывать обе цифры. Формула: Y034RC1Q027SBEA / GDP × 100."
RU1-04,05,"Компьютеры и периферия, % ВВП: 2К26 против пика 1999 г.",,1.23 (пик 1.05 в 1999Q2),% ВВП,2026-Q2,ОЦЕНКА,проверено,https://fred.stlouisfed.org/series/B935RC1Q027SBEA,данные,Computers and peripheral equipment: 400.629 bn $ SAAR (Q2 2026),"Доп. строка (в рисёрче: 1,23% против 1,05% в 1999 — подтверждено). Выше пика доткомов впервые в 2026Q1. Самая «AI-шная» часть ряда (серверы). Формула: B935RC1Q027SBEA / GDP × 100."
RU1-05,05,Прирост доли оборудования и ПО с 4К24 по 2К26 и его источник,,+0.85 п. п. (оборудование +0.71; ПО +0.13),п. п. ВВП,2024-Q4/2026-Q2,ОЦЕНКА,проверено,https://fred.stlouisfed.org/series/A679RC1Q027SBEA,данные,4.114% (Q4 2024) → 4.961% (Q2 2026),"Доп. строка: всплеск 2025–2026 почти целиком — оборудование (84% прироста), но уровень выше 2000 года обеспечен ПО (2.51% ВВП против 1.55% в 2000–2001)."
RU2-01,05,Капзатраты Big-4 в 2026 ($720–745 млрд) в % номинального ВВП США 2026,2.2,2.20-2.28,% ВВП,2026,ОЦЕНКА,проверено,https://fred.stlouisfed.org/series/GDP,данные,"GDP: 31865.721 (Q1 2026), 32486.066 (Q2 2026) bn $ SAAR","ВВП 2026 ≈ 32 723 млрд $: среднее Q1, Q2 (факт) и Q3, Q4, продолженных темпом последних 4 кв. (+6.6% г/г номинал). По одному H1: 2.24–2.32%. «~2,2%» корректно (точнее «2,2–2,3%»). Оговорка: капзатраты глобальные, часть вне США — это сравнение масштаба, а не доля ВВП. Сама вилка $720–745 млрд — прогнозы компаний, здесь не проверялась. Строка плана: блок 05 и врезка «Если это пузырь»."
RU2-02,05,Рост капзатрат Big-4 в 2026 к 2025 («примерно +80%»),80,77-83,%,2026,ОЦЕНКА,проверено,https://data.sec.gov/api/xbrl/companyfacts/CIK0000789019.json,данные,,"Формула: 720…745 / база 2025 − 1. К базе с финлизингом (406.4 млрд $) — +77…83%, «+80%» верно; к денежным капзатратам (376.1 млрд $) — +91…98%. Корректно, только если прогноз 2026 тоже включает финлизинг (по рисёрчу прогноз Microsoft ~175 млрд $ его учитывает — здесь не проверено). См. R6-08."
RU3-01,02,"Индекс потребительских цен США «компьютеры, периферия, умный дом», г/г",8.4,8.43,% г/г,2026-08,ФАКТ,проверено,https://fred.stlouisfed.org/series/CUSR0000SEEE01,данные,38.020 (Aug 2026) vs 35.064 (Aug 2025); Dec 2007=100,"Последний месяц — август 2026 (релиз BLS 11.09.2026; сентябрь выйдет в октябре). Ловушка: в ряду нет октября 2025 (CPI не публиковался из-за шатдауна) — наивный сдвиг на 12 строк даёт 7,79%. Ряд без сезонности: SA = NSA. Строка плана: блок 02 «Покупатель»."
RU3-02,02,Рост того же индекса с декабря 2025 по август 2026,,12.7,%,2025-12/2026-08,ФАКТ,проверено,https://fred.stlouisfed.org/series/CUSR0000SEEE01,данные,"33.730 (Dec 2025, минимум ряда) → 38.020 (Aug 2026)","Доп. строка (в рисёрче +12,7% — подтверждено). Декабрь 2025 — исторический минимум индекса, отсюда эффект низкой базы."
RU3-03,02,"«Обычно компьютеры дешевеют»: как часто индекс рос г/г и насколько 8,4% необычно",,23 из 247 мес.; рекорд 8.52 (2021-09),мес. с ростом г/г,2006-01/2026-08,ОЦЕНКА,проверено,https://fred.stlouisfed.org/series/CUSR0000SEEE01,данные,,"Среднегодовое изменение 2008→2024 −5,9%/год; рост г/г был лишь в 2021–2022 (дефицит чипов) и в 2026. +8,4% — второй результат в истории ряда, после +8,5% в сентябре 2021: писать «впервые» нельзя."
RU4-01,05,"Занятость в NAICS 518 (хостинг, обработка данных, вычислительная инфраструктура): стартовая точка «483 тыс. в 2022»",483,"489.2 (пик, 2023-08)",тыс. чел. (SA),2023-08,ФАКТ,исправлено,https://fred.stlouisfed.org/series/CES5051800001,данные,483.0 (Nov 2022); 489.2 (Aug 2023),"483,0 — значение ноября 2022, не пик: ряд рос весь 2022 г. (среднее 465,6) и достиг максимума 489,2 тыс. в авг. 2023, затем плато ~480 тыс. в 2024–2025. Честнее: «с пика 489 тыс. (авг. 2023) до 453 тыс. (авг. 2026), −7,3%». Строка плана: блок 05 «Рабочие места»."
RU4-02,05,"Занятость в NAICS 518, последнее значение",453,453.3,тыс. чел. (SA),2026-08,ФАКТ,проверено,https://fred.stlouisfed.org/series/CES5051800001,данные,453.3 (Aug 2026),"Предварительная оценка (релиз 04.09.2026), будет пересмотрена дважды и при бенчмарке в феврале 2027. Г/г −5,4% (479,4 в авг. 2025); основное падение — с дек. 2025 (472,9). Для контекста: 2019 — 343 тыс., т. е. уровень всё ещё на треть выше доковидного."
RU4-03,05,Название ряда CES5051800001 после перехода на NAICS 2022,,"All Employees, Computing Infrastructure Providers, Data Processing, Web Hosting, and Related Services",,2023-02-03,ФАКТ,проверено,https://www.census.gov/naics/concordances/2017_to_2022_NAICS.xlsx,первоисточник,"518210 Data Processing, Hosting, and Related Services → 518210 Computing Infrastructure Providers, Data Processing, Web Hosting, and Related Services","CES перешла на NAICS 2022 с данными за январь 2023 (релиз 03.02.2023, https://www.bls.gov/ces/naics/). По конкордансу Census 518210 перешёл 1:1 — сменилось только название, ряд сопоставим. Оговорка «о классификации» в плане, если она про разрыв ряда, не нужна; уместна другая — отрасль ≠ «датацентры»: сюда входят облака, хостинг и обработка данных, а персонал площадок гиперскейлеров может учитываться в других отраслях (не проверено)."
RU5-01,05,"Строительство датацентров в США, годовой темп (SAAR), последний месяц",75,75.2,млрд $ SAAR,2026-07,ФАКТ,проверено,https://www.census.gov/construction/c30/xlsx/privsatime.xlsx,данные,"Data center, Jul-26p: 75,166 (млн $ SAAR)","Предварительное значение (релиз 01.09.2026; данные за август — в начале октября). Г/г +57% (47,8 в июле 2025). «В год» = годовой темп, не фактическая сумма: за календарный 2025 г. фактически потрачено 49.7 млрд $ (NSA-сумма, privtime.xlsx). Без IT-оборудования. Строка плана: блок 05 «Вытеснение»."
RU5-02,05,Строительство датацентров в 2014 году,1.6,1.64,млрд $ SAAR,2014-01,ФАКТ,проверено,https://www.census.gov/construction/c30/xlsx/privsatime.xlsx,данные,"Data center, Jan-14: 1,643 (млн $ SAAR)","1,6 — январь 2014, первый месяц ряда (категория «Data center» публикуется с 2014 г.). Календарная сумма 2014 — 1.8 млрд $. В тексте лучше «$1,6 млрд в годовом темпе в начале 2014 г. (начало наблюдений)»."
RU5-03,05,"Строительство заводов (Manufacturing), пик",247,249.1,млрд $ SAAR,2024-09,ФАКТ,исправлено,https://www.census.gov/construction/c30/xlsx/privsatime.xlsx,данные,"Manufacturing, Sep-24: 249,099 (млн $ SAAR)","В текущей версии файла (релиз 01.09.2026) пик — 249,1 млрд $ в сентябре 2024 (почти столько же в ноябре 2024, 249,0); 247,0 — это июль 2024. Разница мала, но в тексте стоит писать «с $249 млрд (сентябрь 2024)»."
RU5-04,05,"Строительство заводов (Manufacturing), последний месяц",168,167.8,млрд $ SAAR,2026-07,ФАКТ,проверено,https://www.census.gov/construction/c30/xlsx/privsatime.xlsx,данные,"Manufacturing, Jul-26p: 167,805 (млн $ SAAR)",−32.6% от пика. Предварительное значение.
RU5-05,05,Из чего состоит падение строительства заводов (сент. 2024 → июль 2026),,-81.3 всего; -73.5 — Computer/electronic/electrical,млрд $ SAAR,2024-09/2026-07,ОЦЕНКА,проверено,https://www.census.gov/construction/c30/xlsx/privsatime.xlsx,данные,"Computer/ electronic/ electrical: 124,8 (Sep-24) → 51,3 (Jul-26p) млрд $ SAAR","Доп. строка, важна для крючка «Вытеснение»: ~90% падения — завершение волны строительства фабрик чипов и электроники (в 2021 г. эта категория была 7,2 млрд $). Остальные отрасли почти не изменились. Данные не показывают, что ДЦ «вытесняют» заводы: это две разные волны. Формулировку «вытеснение» лучше смягчить или показать разбивку."
RU6-01,05,Свободный денежный поток Alphabet во 2К26 (OCF − покупка основных средств),-5.9,-5.855,млрд $,2026-Q2,ОЦЕНКА,проверено,https://data.sec.gov/api/xbrl/companyfacts/CIK0001652044.json,данные,"10-Q 0001652044-26-000071: OCF 6M 84,859; PaymentsToAcquirePPE 6M 80,598 (млн $)","Квартал = 6 мес. − 1К (1К: OCF 45,790; капзатраты 35,674). OCF 39.069 − капзатраты 44.924 = -5.855 (в плане округлено до −5,9 — верно). С вычетом погашения финлизинга −6,17. Строка плана: блок 05 «Как платят»."
RU6-02,05,Alphabet: 2К26 — первый отрицательный FCF с IPO 2004,первый с 2004,первый за 72 кв. (2008Q3–2026Q2),кварталы,2026-Q2,ОЦЕНКА,проверено,https://data.sec.gov/api/xbrl/companyfacts/CIK0001288776.json,данные,,"XBRL Google Inc. (CIK 1288776, до 3К15) + Alphabet: 72 квартала подряд без разрывов, FCF < 0 только во 2К26. Ограничение: XBRL покрывает только с 3К2008; кварталы 3К2004–2К2008 в XBRL нет и по 10-Q не проверялись; формулировку «с IPO» стоит либо проверить по старым 10-Q, либо писать «как минимум с 2008 г.». Также 2К26 — первый квартал, когда капзатраты Alphabet превысили OCF (115%)."
RU6-03,05,Microsoft: капзатраты против операционного денежного потока,,"не пересекались; макс. 83,6% (4К25 календарный)",% OCF,2026-Q2,ОЦЕНКА,проверено,https://data.sec.gov/api/xbrl/companyfacts/CIK0000789019.json,данные,,"ФГ Microsoft кончается 30 июня, кварталы совпадают с календарными. FCF > 0 во всех 72 кв. с 3К2008. 2К26 (4К ФГ26): капзатраты 35.8, OCF 55.4 (65%); скользящие 4 кв. — 63%. Капзатраты без финлизинга (у Microsoft он крупный: +25 млрд $ новых активов в 2025)."
RU6-04,05,"Amazon: квартал, когда капзатраты превысили операционный поток",,1К26 и 2К26 подряд; по скользящим 4 кв. — с 1К26,,2026-Q2,ОЦЕНКА,проверено,https://data.sec.gov/api/xbrl/companyfacts/CIK0001018724.json,данные,,"У Amazon 1-й квартал сезонно слабый по OCF (капзатраты > OCF и в 1К23, 1К25). 2К26 — первый несезонный квартал с превышением с 3К2022: капзатраты 54.2, OCF 45.4 (119%), FCF -8.8. Скользящие 4 кв.: 107%. FCF здесь по валовым капзатратам; собственное определение Amazon вычитает поступления от продажи ОС и стимулы (кастомный тег, в companyfacts нет)."
RU6-05,05,Meta: капзатраты против операционного денежного потока,,не пересекались; 2К26 — 94.5%,% OCF,2026-Q2,ОЦЕНКА,проверено,https://data.sec.gov/api/xbrl/companyfacts/CIK0001326801.json,данные,,"2К26: капзатраты 30.1, OCF 31.9, FCF 1.75 (с вычетом погашения финлизинга 0.78). Отрицательный FCF был только в 1–2К2012 (год IPO). Без SPV Hyperion (вне баланса)."
RU6-06,05,Oracle: когда капзатраты превысили операционный поток,,"по скользящим 4 кв. — с кв., закончившегося 31.05.2025 (ФГ25); последний кв. (июнь–авг. 2026) — 123%",,2026-08,ОЦЕНКА,проверено,https://data.sec.gov/api/xbrl/companyfacts/CIK0001341439.json,данные,"10-Q 0001193125-26-389274: капзатраты 28,499; OCF 23,103 (млн $)","ФГ Oracle кончается 31 мая; кварталы сдвинуты на месяц от календарных. Квартально капзатраты > OCF каждый квартал начиная с марта–мая 2025 (5 подряд); раньше — только в сезонно слабых по OCF кварталах сент.–нояб. 2023 и 2024. Скользящие 4 кв. до авг. 2026: капзатраты 75,7, OCF 46,9, FCF −28,7 млрд $. В рисёрче «174%, FCF −23,7» — это ФГ26 (июнь 2025 – май 2026), уже есть более свежий квартал."
RU6-07,05,Сумма Big-4 (и пяти с Oracle): капзатраты против OCF по кварталам,,Big-4 2К26: 165.1 против 171.8 (96%); пять: 97%,млрд $ / % OCF,2026-Q2,ОЦЕНКА,проверено,https://data.sec.gov/api/xbrl/companyfacts/CIK0001652044.json,данные,,"В сумме пересечения ещё нет, но 2К26 — вплотную (1К26: 86%/94%). Для Oracle взят квартал март–май 2026. Тезис Epoch о превышении в 3К26 (research-notes) данными 2К26 пока не проверяется — ждать отчётов за 3К26 (конец октября)."
RU6-08,05,Капзатраты Big-4 за календарный 2025 г. (~$410 млрд),410,376.1,млрд $,2025,ОЦЕНКА,исправлено,https://data.sec.gov/api/xbrl/companyfacts/CIK0000789019.json,данные,"Alphabet 91,4; Amazon 131,8; Meta 69,7; Microsoft 83,1 (кал. 2025) млрд $","Денежные капзатраты (PaymentsToAcquirePPE / ProductiveAssets) за календарный 2025 — 376.1 млрд $. «≈410» в рисёрче получено смешением: Microsoft взят за ФГ26 (июль 2025 – июнь 2026, 115,9) → 408,9. С новыми активами в финлизинг (RightOfUseAssetObtainedInExchangeForFinanceLeaseLiability; Microsoft +25,2) — ≈406 млрд $. Писать: «$376 млрд денежных капзатрат (≈$406 млрд с финансовым лизингом)». Строка плана: блок 05 «Капзатраты»."
RU6-09,05,Капзатраты Big-4 за 1-е полугодие 2026 (факт) и что требует прогноз $720–745 млрд,,294.8,млрд $,2026-H1,ОЦЕНКА,проверено,https://data.sec.gov/api/xbrl/companyfacts/CIK0001018724.json,данные,,"1К26 129.8 + 2К26 165.1. Чтобы выйти на 720–745, во 2-м полугодии нужно 425–450 млрд $ (~213–225 за квартал против 165 во 2К26) — факт XBRL — только денежные капзатраты, а прогнозы могут включать финлизинг, так что часть разрыва методическая. Контекст к пометке «ФАКТ / ОЦЕНКА» в строке плана: 720–745 — ПРОГНОЗ компаний."
